rank,company_name,sector,risk_score,risk_tier,total_esg_risk_score,controversy_score,gw_proxy_score,comp_proxy,comp_linguistic,comp_divergence,comp_credibility_inv,comp_controversy_ratio
1,ADANI PORTS AND SPECIAL ECONOMIC ZONE LTD.,Industrials,76.57,High Risk,12.6,4.0,4,80.0,47.14596290177348,100.0,50.0,100.0
2,MASTERCARD INCORPORATED,Financial Services,71.36,High Risk,17.1,4.0,4,80.0,50.0,91.27040505005111,50.0,71.13752123785513
3,TARGET CORPORATION,Consumer Defensive,68.86,High Risk,14.4,3.0,4,80.0,55.016621205068326,78.41968133705586,50.0,62.29838710204095
4,PARAMOUNT GLOBAL CLASS B,Communication Services,68.53,High Risk,15.0,3.0,4,80.0,56.87320556995814,77.25573534372934,50.0,59.41935484546711
5,ALPHABET INC. CLASS A,Communication Services,65.98,High Risk,24.2,4.0,4,80.0,51.61234400549263,77.49704412902062,50.0,47.42735272505658
6,"HASBRO, INC.",Consumer Cyclical,63.45,High Risk,7.1,2.0,3,60.0,50.88330031985887,74.49254357289728,50.0,87.64198085731852
7,"CENCORA, INC.",Healthcare,61.92,High Risk,12.8,3.0,3,60.0,50.0,81.52353731925993,50.0,71.29536290280339
8,"THERMO FISHER SCIENTIFIC, INC.",Healthcare,61.31,High Risk,12.8,3.0,3,60.0,45.92740976170942,81.52353731925993,50.0,71.29536290280339
9,JOHNSON CONTROLS INTERNATIONAL PLC,Industrials,60.11,High Risk,14.4,3.0,3,60.0,50.0,78.41968133705586,50.0,62.29838710204095
10,"CARDINAL HEALTH, INC.",Healthcare,59.6,Moderate Risk,14.9,3.0,3,60.0,50.0,77.44972634261711,50.0,59.88309158479181
11,UNITEDHEALTH GROUP INCORPORATED,Healthcare,59.21,Moderate Risk,15.3,3.0,3,60.0,50.0,76.67376234706609,50.0,58.06451613643583
12,QUALCOMM INC,Technology,59.12,Moderate Risk,15.4,3.0,3,60.0,50.0,76.47977134817833,50.0,57.62463343869079
13,MCKESSON CORPORATION,Healthcare,58.95,Moderate Risk,15.2,3.0,3,60.0,47.64325708541482,76.86775334595384,50.0,58.51018676441056
14,CROWN CASTLE INC.,Real Estate,58.76,Moderate Risk,10.1,2.0,3,60.0,54.2996988453704,68.67281360626468,50.0,58.73522834605555
15,MICROSOFT CORP,Technology,58.56,Moderate Risk,15.1,3.0,3,60.0,44.3846905710917,77.06174434484159,50.0,58.96176031460621
16,"WALGREENS BOOTS ALLIANCE, INC",Healthcare,58.3,Moderate Risk,16.3,3.0,3,60.0,50.0,74.73385235818856,50.0,53.908569175996206
17,VISA INC.,Financial Services,57.95,Moderate Risk,16.7,3.0,3,60.0,50.0,73.95788836263753,50.0,52.385551487416336
18,JOHNSON & JOHNSON,Healthcare,57.87,Moderate Risk,24.0,4.0,3,60.0,50.0,77.88502612679612,50.0,47.903225825569535
19,KIMCO REALTY CORP.,Real Estate,57.34,Moderate Risk,10.9,2.0,3,60.0,51.44468447435872,67.12088561516265,50.0,53.7141165923982
20,SBA COMMUNICATIONS CORP,Real Estate,56.88,Moderate Risk,11.6,2.0,3,60.0,53.51531747044731,65.76294862294837,50.0,49.888765288206145
21,REGENCY CENTERS CORPORATION,Real Estate,56.73,Moderate Risk,11.7,2.0,3,60.0,53.24219755084976,65.56895762406063,50.0,49.379652599337916
22,ILLUMINA INC,Healthcare,56.66,Moderate Risk,18.6,3.0,3,60.0,51.40412509698859,70.27205938377023,50.0,46.045785651543056
23,VERIZON COMMUNICATIONS,Communication Services,56.55,Moderate Risk,18.7,3.0,3,60.0,51.151869893689515,70.07806838488247,50.0,45.74780059816318
24,BHARTI AIRTEL LTD.,Communication Services,55.99,Moderate Risk,19.5,3.0,3,60.0,51.27523358794388,68.52614039378045,50.0,43.473945421546574
25,"VENTAS, INC.",Real Estate,55.86,Moderate Risk,12.9,2.0,3,60.0,55.26213218419219,63.24106563740759,50.0,43.885971491073136
26,WELLS FARGO & CO.,Financial Services,55.55,Moderate Risk,36.2,5.0,3,60.0,50.0,72.30660494545478,50.0,38.04134737502382
27,GENERAL MOTORS COMPANY,Consumer Cyclical,55.2,Moderate Risk,28.5,4.0,3,60.0,50.0,69.15543117684723,50.0,38.81154500993976
28,REPUBLIC SERVICES INC.,Industrials,55.17,Moderate Risk,20.9,3.0,3,60.0,52.04803379216158,65.8102664093519,50.0,39.91356692111759
29,3M COMPANY,Industrials,55.02,Moderate Risk,37.3,5.0,3,60.0,50.0,70.17270395768952,50.0,36.634091519936106
30,CITIGROUP INC.,Financial Services,54.82,Moderate Risk,29.2,4.0,3,60.0,50.0,67.79749418463295,50.0,37.64913833022963
31,"ALEXANDRIA REAL ESTATE EQUITIES, INC.",Real Estate,54.48,Moderate Risk,13.9,2.0,3,60.0,51.87881421730158,61.30115564853005,50.0,40.03249013763228
32,ORACLE CORP,Technology,54.35,Moderate Risk,13.9,2.0,3,60.0,51.003881139799454,61.30115564853005,50.0,40.03249013763228
33,"CONSOLIDATED EDISON, INC.",Utilities,54.25,Moderate Risk,23.8,3.0,3,60.0,57.609140086723244,60.18452744160705,50.0,33.87096775491361
34,CAPITAL ONE FINANCIAL,Financial Services,54.11,Moderate Risk,22.5,3.0,3,60.0,51.6550243032689,62.706410427147844,50.0,36.38709678711817
35,IRON MOUNTAIN INC.,Real Estate,54.11,Moderate Risk,14.5,2.0,3,60.0,52.60181446753458,60.13720965520353,50.0,37.97552836672307
36,MEDTRONIC PLC,Healthcare,53.84,Moderate Risk,22.8,3.0,3,60.0,51.02444677476691,62.12443743048458,50.0,35.78098473281287
37,FREEPORT-MCMORAN INC.,Basic Materials,53.58,Moderate Risk,31.6,4.0,3,60.0,50.0,63.14171021132687,50.0,34.05471622828969
38,BAXTER INTERNATIONAL INC.,Healthcare,53.55,Moderate Risk,23.6,3.0,3,60.0,52.191577346657816,60.57250943938256,50.0,34.24002188285216
39,PG&E CORPORATION,Utilities,53.54,Moderate Risk,30.4,4.0,3,60.0,45.66309947293511,65.46960219797992,50.0,35.780984737797354
40,THE WALT DISNEY COMPANY,Communication Services,53.36,Moderate Risk,15.7,2.0,3,60.0,53.56536708339716,57.80931766855049,50.0,34.333264848507
41,CDW CORPORATION,Technology,50.93,Moderate Risk,9.2,2.0,2,40.0,47.02731951360485,70.41873259625446,50.0,65.4277699622278
42,ACCENTURE PLC,Technology,50.51,Moderate Risk,9.8,2.0,2,40.0,50.0,69.25478660292794,50.0,60.829493069622956
43,HEWLETT PACKARD ENTERPRISE COMPANY,Technology,49.09,Moderate Risk,10.7,2.0,2,40.0,48.18261916061694,67.50886761293816,50.0,54.89900511377098
44,"AUTOZONE, INC.",Consumer Cyclical,49.01,Moderate Risk,11.0,2.0,2,40.0,50.0,66.9268946162749,50.0,53.13782990244313
45,LKQ CORPORATION,Consumer Cyclical,48.9,Moderate Risk,11.1,2.0,2,40.0,50.0,66.73290361738714,50.0,52.571926756441826
46,APPLE INC.,Technology,48.86,Moderate Risk,17.2,3.0,2,40.0,45.507642584640564,72.98793336819877,50.0,50.581395359171495
47,HP INC.,Technology,48.67,Moderate Risk,11.3,2.0,2,40.0,50.0,66.34492161961163,50.0,51.47016841906763
48,WESTERN DIGITAL CORP.,Technology,48.56,Moderate Risk,11.4,2.0,2,40.0,50.0,66.15093062072388,50.0,50.9337860705964
49,NEWS CORPORATION CLASS A,Communication Services,48.45,Moderate Risk,11.5,2.0,2,40.0,50.0,65.95693962183613,50.0,50.40673211078615
50,"ELEVANCE HEALTH, INC.",Healthcare,48.39,Moderate Risk,11.4,2.0,2,40.0,48.84813010631048,66.15093062072388,50.0,50.9337860705964
51,THE CIGNA GROUP,Healthcare,48.35,Moderate Risk,11.6,2.0,2,40.0,50.0,65.76294862294837,50.0,49.888765288206145
52,LOWE'S COMPANIES INC.,Consumer Cyclical,48.14,Moderate Risk,11.8,2.0,2,40.0,50.0,65.37496662517286,50.0,48.87916893908725
53,DANAHER CORPORATION,Healthcare,48.04,Moderate Risk,11.9,2.0,2,40.0,50.0,65.18097562628512,50.0,48.38709676891776
54,BOOKING HOLDINGS INC.,Consumer Cyclical,48.01,Moderate Risk,19.2,3.0,2,40.0,50.0,69.1081133904437,50.0,44.30443549583025
55,INTEL CORP,Technology,47.95,Moderate Risk,18.9,3.0,2,40.0,48.14899443818492,69.69008638710697,50.0,45.16129033436292
56,CARMAX INC.,Consumer Cyclical,47.83,Moderate Risk,12.1,2.0,2,40.0,50.0,64.7929936285096,50.0,47.42735270145958
57,BALL CORPORATION,Consumer Cyclical,47.83,Moderate Risk,12.1,2.0,2,40.0,50.0,64.7929936285096,50.0,47.42735270145958
58,HERO MOTOCORP LTD.,Consumer Cyclical,47.73,Moderate Risk,12.2,2.0,2,40.0,50.0,64.59900262962185,50.0,46.959280799697765
59,"NIKE, INC.",Consumer Cyclical,47.73,Moderate Risk,19.6,3.0,2,40.0,50.0,68.3321493948927,50.0,43.20276498912456
60,CADENCE DESIGN SYSTEMS,Technology,47.65,Moderate Risk,12.0,2.0,2,40.0,48.12821595151659,64.98698462739736,50.0,47.90322580157758
61,BROADCOM INC.,Technology,47.46,Moderate Risk,20.0,3.0,2,40.0,50.0,67.55618539934167,50.0,42.1451613026651
62,"DIGITAL REALTY TRUST, INC.",Real Estate,47.35,Moderate Risk,12.6,2.0,2,40.0,50.0,63.82303863407084,50.0,45.16129031985531
63,"HOME DEPOT, INC.",Consumer Cyclical,47.35,Moderate Risk,12.6,2.0,2,40.0,50.0,63.82303863407084,50.0,45.16129031985531
64,NEWMONT CORPORATION,Basic Materials,47.12,Moderate Risk,20.5,3.0,2,40.0,50.0,66.58623040490292,50.0,40.88119592125837
65,HCL TECHNOLOGIES LTD.,Technology,47.07,Moderate Risk,12.9,2.0,2,40.0,50.0,63.24106563740759,50.0,43.885971491073136
66,ROYAL CARIBBEAN GROUP,Consumer Cyclical,46.99,Moderate Risk,20.7,3.0,2,40.0,50.0,66.19824840712741,50.0,40.39270688495766
67,TRIMBLE INC.,Technology,46.95,Moderate Risk,12.4,2.0,2,40.0,46.1016779312316,64.21102063184635,50.0,46.04578563656369
68,ADOBE INC.,Technology,46.89,Moderate Risk,13.1,2.0,2,40.0,50.0,62.853083639632075,50.0,43.06820979931017
69,METTLER-TOLEDO INTERNATIONAL,Healthcare,46.89,Moderate Risk,13.1,2.0,2,40.0,50.0,62.853083639632075,50.0,43.06820979931017
70,BORGWARNER INC.,Consumer Cyclical,46.85,Moderate Risk,12.6,2.0,2,40.0,46.693574053187184,63.82303863407084,50.0,45.16129031985531
71,EICHER MOTORS LTD.,Consumer Cyclical,46.71,Moderate Risk,13.3,2.0,2,40.0,50.0,62.46510164185657,50.0,42.27504244412306
72,ELECTRONIC ARTS INC,Communication Services,46.71,Moderate Risk,13.3,2.0,2,40.0,50.0,62.46510164185657,50.0,42.27504244412306
73,QUEST DIAGNOSTICS INC.,Healthcare,46.67,Moderate Risk,21.2,3.0,2,40.0,50.0,65.22829341268863,50.0,39.21180768161737
74,THE KROGER CO.,Consumer Defensive,46.6,Moderate Risk,21.3,3.0,2,40.0,50.0,65.03430241380089,50.0,38.982280794204414
75,INFOSYS LTD.,Technology,46.55,Moderate Risk,13.1,2.0,2,40.0,47.72883667393608,62.853083639632075,50.0,43.06820979931017
76,"MERCK & CO., INC.",Healthcare,46.54,Moderate Risk,21.4,3.0,2,40.0,50.0,64.84031141491313,50.0,38.75489901788781
77,MARRIOT INTERNATIONAL CLASS A,Consumer Cyclical,46.54,Moderate Risk,21.4,3.0,2,40.0,50.0,64.84031141491313,50.0,38.75489901788781
78,AGILENT TECHNOLOGIES INC.,Healthcare,46.45,Moderate Risk,13.6,2.0,2,40.0,50.0,61.88312864519331,50.0,41.12903225810366
79,NVIDIA CORP,Technology,46.45,Moderate Risk,13.6,2.0,2,40.0,50.0,61.88312864519331,50.0,41.12903225810366
80,COCA-COLA COMPANY,Consumer Defensive,46.41,Moderate Risk,21.6,3.0,2,40.0,50.0,64.45232941713762,50.0,38.306451625704895
81,WIPRO LTD.,Technology,46.4,Moderate Risk,13.2,2.0,2,40.0,47.37084826069815,62.65909264074433,50.0,42.668621699918944
82,GENUINE PARTS COMPANY,Consumer Cyclical,46.37,Moderate Risk,13.7,2.0,2,40.0,50.0,61.68913764630556,50.0,40.75818224656129
83,HENRY SCHEIN INC,Healthcare,46.2,Moderate Risk,13.9,2.0,2,40.0,50.0,61.30115564853005,50.0,40.03249013763228
84,"CISCO SYSTEMS, INC.",Technology,46.2,Moderate Risk,13.9,2.0,2,40.0,50.0,61.30115564853005,50.0,40.03249013763228
85,CVS HEALTH CORPORATION,Healthcare,46.17,Moderate Risk,22.0,3.0,2,40.0,50.0,63.67636542158661,50.0,37.43401760817427
86,AMGEN INC,Healthcare,46.17,Moderate Risk,22.0,3.0,2,40.0,50.0,63.67636542158661,50.0,37.43401760817427
87,"MOHAWK INDUSTRIES, INC.",Consumer Cyclical,46.04,Moderate Risk,14.1,2.0,2,40.0,50.0,60.913173650754544,50.0,39.32738503887106
88,INTERNATIONAL BUSINESS MACHINES CORPORATION,Technology,46.04,Moderate Risk,14.1,2.0,2,40.0,50.0,60.913173650754544,50.0,39.32738503887106
89,JACOBS SOLUTIONS INC.,Industrials,45.92,Moderate Risk,22.4,3.0,2,40.0,50.0,62.9004014260356,50.0,36.59274194839874
90,FORD MOTOR COMPANY,Consumer Cyclical,45.92,Moderate Risk,22.4,3.0,2,40.0,50.0,62.9004014260356,50.0,36.59274194839874
91,"PEPSICO, INC.",Consumer Defensive,45.83,Moderate Risk,22.1,3.0,2,40.0,48.16259247133703,63.482374422698854,50.0,37.22084368533653
92,"TJX COMPANIES, INC.",Consumer Cyclical,45.8,Moderate Risk,14.4,2.0,2,40.0,50.0,60.33120065409128,50.0,38.306451614597506
93,"MONDELEZ INTERNATIONAL, INC. CLASS A",Consumer Defensive,45.8,Moderate Risk,22.0,3.0,2,40.0,47.526772557799866,63.67636542158661,50.0,37.43401760817427
94,INTERNATIONAL FLAVORS & FRAGRANCES INC.,Basic Materials,45.74,Moderate Risk,22.7,3.0,2,40.0,50.0,62.31842842937235,50.0,35.981242019478415
95,BIOGEN INC.,Healthcare,45.72,Moderate Risk,22.2,3.0,2,40.0,47.85539387525662,63.28838342381111,50.0,37.009590248289214
96,RALPH LAUREN CORPORATION,Consumer Cyclical,45.64,Moderate Risk,14.6,2.0,2,40.0,50.0,59.94321865631578,50.0,37.64913831402187
97,WATERS CORP,Healthcare,45.64,Moderate Risk,14.6,2.0,2,40.0,50.0,59.94321865631578,50.0,37.64913831402187
98,EXELON CORPORATION,Utilities,45.63,Moderate Risk,22.9,3.0,2,40.0,50.0,61.930446431596835,50.0,35.58247641808251
99,COGNIZANT TECHNOLOGY SOLUTIONS,Technology,45.56,Moderate Risk,14.7,2.0,2,40.0,50.0,59.74922765742802,50.0,37.327188942306805
100,SYNOPSYS INC,Technology,45.51,Moderate Risk,14.4,2.0,2,40.0,48.07787077893918,60.33120065409128,50.0,38.306451614597506
101,"EQUIFAX, INCORPORATED",Industrials,45.45,Moderate Risk,23.2,3.0,2,40.0,50.0,61.348473434933574,50.0,34.997219145338605
102,COSTCO WHOLESALE CORP,Consumer Defensive,45.39,Moderate Risk,23.3,3.0,2,40.0,50.0,61.15448243604582,50.0,34.80548249947397
103,TE CONNECTIVITY LTD,Technology,45.28,Moderate Risk,14.8,2.0,2,40.0,48.61913575948949,59.55523665854027,50.0,37.00959023777415
104,TRANE TECHNOLOGIES PLC,Industrials,45.18,Moderate Risk,15.2,2.0,2,40.0,50.0,58.77927266298926,50.0,35.78098472284391
105,"TAPESTRY, INC.",Consumer Cyclical,45.18,Moderate Risk,14.8,2.0,2,40.0,47.9930467452084,59.55523665854027,50.0,37.00959023777415
106,"BECTON, DICKINSON AND CO.",Healthcare,45.11,Moderate Risk,23.8,3.0,2,40.0,50.0,60.18452744160705,50.0,33.87096775491361
107,AXIS BANK LTD.,Financial Services,45.07,Moderate Risk,24.2,3.0,2,40.0,51.22524485858966,59.408563446056036,50.0,33.1511597037201
108,CARNIVAL CORPORATION,Consumer Cyclical,45.05,Moderate Risk,24.5,3.0,2,40.0,52.191577346657816,58.82659044939278,50.0,32.62672812355852
109,REALTY INCOME CORPORATION,Real Estate,44.96,Moderate Risk,15.5,2.0,2,40.0,50.0,58.197299666325996,50.0,34.90114464438318
110,ADANI ENTERPRISES LTD.,Energy,44.94,Moderate Risk,32.9,4.0,2,40.0,50.0,60.61982722578608,50.0,32.3266987131568
111,"ULTA BEAUTY, INC.",Consumer Cyclical,44.89,Moderate Risk,15.6,2.0,2,40.0,50.0,58.00330866743825,50.0,34.615384618895376
112,"BEST BUY COMPANY, INC.",Consumer Cyclical,44.84,Moderate Risk,15.9,2.0,2,40.0,51.054695848754825,57.42133567077499,50.0,33.779671336794834
113,NORFOLK SOUTHERN CORP.,Industrials,44.83,Moderate Risk,23.9,3.0,2,40.0,48.54692091367832,59.9905364427193,50.0,33.68875693024005
114,TRACTOR SUPPLY CO,Consumer Cyclical,44.73,Moderate Risk,16.1,2.0,2,40.0,51.243524608856085,57.033353672999475,50.0,33.239831701141526
115,"KEYSIGHT TECHNOLOGIES, INC.",Technology,44.68,Moderate Risk,7.6,1.0,2,40.0,50.0,55.43410789549393,50.0,35.78098469293707
116,ICICI BANK LTD.,Financial Services,44.42,Moderate Risk,24.0,3.0,2,40.0,46.16141434373593,59.79654544383155,50.0,33.5080645291048
117,"META PLATFORMS, INC. CLASS A",Communication Services,44.37,Moderate Risk,34.1,4.0,2,40.0,50.0,58.29193523913304,50.0,30.848547930947003
118,AT&T INC.,Communication Services,44.34,Moderate Risk,23.9,3.0,2,40.0,45.229862649003124,59.9905364427193,50.0,33.68875693024005
119,"CBRE GROUP, INC.",Real Estate,44.22,Moderate Risk,8.0,1.0,2,40.0,50.0,54.65814389994292,50.0,33.508064493116876
120,EDISON INTERNATIONAL,Utilities,44.05,Moderate Risk,27.5,3.0,2,40.0,55.995116259560376,53.00686048276018,50.0,28.011730217907836
121,"PROLOGIS, INC.",Real Estate,43.53,Moderate Risk,10.3,1.0,2,40.0,59.49857935227716,50.19635092552459,50.0,23.864704030359544
122,BANK OF AMERICA CORPORATION,Financial Services,42.91,Moderate Risk,28.3,3.0,2,40.0,51.02026652253301,51.454932491658155,50.0,26.94631256236354
123,"AVALONBAY COMMUNITIES, INC.",Real Estate,42.89,Moderate Risk,9.8,1.0,2,40.0,52.497918747894005,51.16630591996336,50.0,25.576036854666793
124,"DUPONT DE NEMOURS, INC.",Basic Materials,42.76,Moderate Risk,28.6,3.0,2,40.0,50.984124855406264,50.87295949499489,50.0,26.56214754233017
125,AMERICAN TOWER CORPORATION,Real Estate,42.61,Moderate Risk,10.9,1.0,2,40.0,56.375364946697836,49.03240493219807,50.0,22.018348616054414
126,NTPC LTD.,Utilities,42.42,Moderate Risk,39.4,4.0,2,40.0,52.744491467154965,48.010412298082116,50.0,25.397085327164287
127,LOCKHEED MARTIN CORP.,Industrials,42.03,Moderate Risk,30.2,3.0,2,40.0,51.11092824828375,47.76910351279084,50.0,24.642170488522506
128,EQUITY RESIDENTIAL,Real Estate,41.88,Moderate Risk,11.9,1.0,2,40.0,56.06751187484296,47.09249494332054,50.0,19.35483870431418
129,"ESSEX PROPERTY TRUST, INC",Real Estate,41.39,Moderate Risk,12.4,1.0,2,40.0,54.98339973124779,46.12253994888177,50.0,18.184183138137147
130,FEDERAL REALTY INVESTMENT TRUST,Real Estate,41.1,Moderate Risk,12.4,1.0,2,40.0,53.04500761807917,46.12253994888177,50.0,18.184183138137147
131,"EQUINIX, INC. REIT",Real Estate,40.96,Moderate Risk,13.9,1.0,2,40.0,57.99530460821379,43.212674965565476,50.0,15.177535388671455
132,"BOSTON PROPERTIES, INC.",Real Estate,40.75,Moderate Risk,12.5,1.0,2,40.0,51.12088840669061,45.92854894999402,50.0,17.961290318328036
133,"UDR, INC.",Real Estate,40.68,Moderate Risk,13.9,1.0,2,40.0,56.141668258285215,43.212674965565476,50.0,15.177535388671455
134,APPLIED MATERIALS INC,Technology,40.65,Moderate Risk,12.7,1.0,2,40.0,51.281770389171236,45.54056695221851,50.0,17.52603504814137
135,WELLTOWER INC.,Real Estate,40.57,Moderate Risk,13.2,1.0,2,40.0,52.744491467154965,44.57061195777975,50.0,16.49560116981477
136,THE KRAFT HEINZ COMPANY,Consumer Defensive,40.54,Moderate Risk,33.7,3.0,2,40.0,51.52391810935797,40.97941855171947,50.0,21.077821395489927
137,"HOST HOTELS & RESORTS, INC.",Real Estate,40.4,Moderate Risk,13.4,1.0,2,40.0,52.37915435013812,44.18262996000424,50.0,16.10495907264207
138,"PRINCIPAL FINANCIAL GROUP, INC.",Financial Services,39.88,Low Risk,14.2,1.0,2,40.0,51.944544026514684,42.630701968902216,50.0,14.652430711246282
139,"EXTRA SPACE STORAGE, INC.",Real Estate,39.75,Low Risk,15.2,1.0,2,40.0,54.616444307587756,40.69079198002468,50.0,13.051782681277253
140,"SALESFORCE, INC.",Technology,39.36,Low Risk,14.9,1.0,2,40.0,50.932727604287194,41.27276497668794,50.0,13.509417621404364
141,CAMDEN PROPERTY TRUST,Real Estate,39.08,Low Risk,16.1,1.0,2,40.0,53.16033822761139,38.944872990034895,50.0,11.781206170426064
142,PAYCHEX INC,Industrials,38.47,Low Risk,16.7,1.0,2,40.0,51.02866141786413,37.78092699670838,50.0,11.010237588945852
143,T ROWE PRICE GROUP INC,Financial Services,38.41,Low Risk,16.9,1.0,2,40.0,51.243524608856085,37.392944998932876,50.0,10.765413246496234
144,NETFLIX INC,Communication Services,36.89,Low Risk,16.4,2.0,1,20.0,53.72443185233167,56.45138067633622,50.0,32.45476003586235
145,WEYERHAEUSER COMPANY,Real Estate,36.85,Low Risk,16.7,2.0,1,20.0,54.79293029256311,55.86940767967296,50.0,31.697894538181107
146,MOODY'S CORPORATION,Financial Services,36.75,Low Risk,15.8,2.0,1,20.0,50.0,57.615326669662736,50.0,34.054716214450394
147,INTERNATIONAL PAPER CO.,Consumer Cyclical,36.72,Low Risk,24.5,3.0,1,20.0,50.0,58.82659044939278,50.0,32.62672812355852
148,SYSCO CORPORATION,Consumer Defensive,36.68,Low Risk,15.9,2.0,1,20.0,50.0,57.42133567077499,50.0,33.779671336794834
149,PFIZER INC.,Healthcare,36.66,Low Risk,24.6,3.0,1,20.0,50.0,58.632599450505026,50.0,32.4547600444258
150,LOEWS CORPORATION,Financial Services,36.65,Low Risk,16.4,2.0,1,20.0,52.108453534081455,56.45138067633622,50.0,32.45476003586235
151,STARBUCKS CORP,Consumer Cyclical,36.61,Low Risk,24.7,3.0,1,20.0,50.0,58.43860845161728,50.0,32.284184419374554
152,"W.W. GRAINGER, INC.",Industrials,36.61,Low Risk,16.0,2.0,1,20.0,50.0,57.22734467188723,50.0,33.50806452010784
153,TITAN COMPANY LTD.,Consumer Cyclical,36.61,Low Risk,16.0,2.0,1,20.0,50.0,57.22734467188723,50.0,33.50806452010784
154,ABBOTT LABORATORIES,Healthcare,36.55,Low Risk,24.8,3.0,1,20.0,50.0,58.24461745272952,50.0,32.11498440420219
155,NISOURCE INC.,Utilities,36.53,Low Risk,26.0,3.0,1,20.0,54.111573829100145,55.91672546607648,50.0,30.186104231198296
156,"METLIFE, INC.",Financial Services,36.52,Low Risk,16.4,2.0,1,20.0,51.249739648421034,56.45138067633622,50.0,32.45476003586235
157,FIRSTENERGY CORP.,Utilities,36.52,Low Risk,25.6,3.0,1,20.0,52.60181446753458,56.69268946162749,50.0,30.808971787072
158,"TESLA, INC.",Consumer Cyclical,36.51,Low Risk,25.2,3.0,1,20.0,51.13102874802006,57.468653457178505,50.0,31.45161291614018
159,CORNING INCORPORATED,Technology,36.42,Low Risk,16.5,2.0,1,20.0,51.003881139799454,56.257389677448465,50.0,32.199413494222256
160,"SERVICENOW, INC.",Technology,36.37,Low Risk,16.6,2.0,1,20.0,51.09631548804431,56.06339867856071,50.0,31.947143416937376
161,"WASTE MANAGEMENT, INC.",Industrials,36.36,Low Risk,16.6,2.0,1,20.0,51.04151598873648,56.06339867856071,50.0,31.947143416937376
162,ANSYS INC,Technology,36.36,Low Risk,15.9,2.0,1,20.0,47.86454768571076,57.42133567077499,50.0,33.779671336794834
163,FIFTH THIRD BANCORP,Financial Services,36.21,Low Risk,16.8,2.0,1,20.0,50.950455836076,55.675416680785204,50.0,31.45161290797964
164,GEN DIGITAL INC.,Technology,36.14,Low Risk,16.9,2.0,1,20.0,50.88019075119814,55.481425681897456,50.0,31.208245853281834
165,"THE COOPER COMPANIES, INC.",Healthcare,36.12,Low Risk,17.5,2.0,1,20.0,53.373246560247026,54.317479688570934,50.0,29.806451618188976
166,THE HERSHEY COMPANY,Consumer Defensive,36.11,Low Risk,26.0,3.0,1,20.0,51.26876310722103,55.91672546607648,50.0,30.186104231198296
167,"LEIDOS HOLDINGS, INC.",Technology,35.7,Low Risk,17.6,2.0,1,20.0,50.9764383426016,54.12348868968317,50.0,29.58211144230238
168,DR. REDDY'S LABORATORIES LTD.,Healthcare,35.61,Low Risk,26.6,3.0,1,20.0,50.0,54.75277947274996,50.0,29.286927007668215
169,WILLIS TOWERS WATSON PUBLIC LIMITED COMPANYS,Financial Services,35.5,Low Risk,18.7,2.0,1,20.0,54.056107868663695,51.98958770191789,50.0,27.27272727867901
170,CATERPILLAR INC.,Industrials,35.41,Low Risk,36.2,4.0,1,20.0,50.0,54.218124262490214,50.0,28.49759402796116
171,EVERSOURCE ENERGY,Utilities,35.31,Low Risk,18.6,2.0,1,20.0,52.37915435013812,52.18357870080564,50.0,27.471383980932227
172,"T-MOBILE US, INC.",Communication Services,35.3,Low Risk,24.6,3.0,1,20.0,40.90006530896303,58.632599450505026,50.0,32.4547600444258
173,"TYSON FOODS, INC.",Consumer Defensive,35.22,Low Risk,35.9,4.0,1,20.0,47.82745574701302,54.80009725915349,50.0,28.816605281813107
174,PACCAR INC,Industrials,35.1,Low Risk,27.6,3.0,1,20.0,50.0,52.81286948387242,50.0,27.87517532818124
175,"KINDER MORGAN, INC.",Energy,34.89,Low Risk,19.0,2.0,1,20.0,51.146587943681986,51.40761470525463,50.0,26.689303911002337
176,PHILIP MORRIS INTERNATIONAL INC.,Consumer Defensive,34.66,Low Risk,28.5,3.0,1,20.0,50.0,51.06695049388264,50.0,26.689303917382485
177,PROCTER & GAMBLE COMPANY,Consumer Defensive,34.62,Low Risk,28.6,3.0,1,20.0,50.0,50.87295949499489,50.0,26.56214754233017
178,"HONEYWELL INTERNATIONAL, INC.",Industrials,34.62,Low Risk,28.6,3.0,1,20.0,50.0,50.87295949499489,50.0,26.56214754233017
179,"HCA HEALTHCARE, INC.",Healthcare,34.52,Low Risk,28.8,3.0,1,20.0,50.0,50.48497749721938,50.0,26.310483883371585
180,LABCORP HOLDINGS INC.,Healthcare,34.5,Low Risk,19.7,2.0,1,20.0,51.19025128376735,50.04967771304036,50.0,25.397085318262132
181,M&T BANK CORP.,Financial Services,34.49,Low Risk,26.5,1.0,2,40.0,51.1158861060663,18.769809105708553,50.0,3.3597078521156725
182,"WEC ENERGY GROUP, INC.",Utilities,34.36,Low Risk,27.5,1.0,2,40.0,52.70007348654764,16.829899116831015,50.0,2.885630499109702
183,PROGRESSIVE CORPORATION,Financial Services,34.29,Low Risk,20.0,2.0,1,20.0,50.919014134426355,49.4677047163771,50.0,24.870967748346946
184,JPMORGAN CHASE & CO.,Financial Services,34.28,Low Risk,29.3,3.0,1,20.0,50.0,49.51502250278062,50.0,25.6963558418805
185,GLOBE LIFE INC.,Financial Services,34.24,Low Risk,20.4,2.0,1,20.0,52.04803379216158,48.69174072082609,50.0,24.19354839360769
186,"THE INTERPUBLIC GROUP OF COMPANIES, INC.",Communication Services,34.11,Low Risk,10.3,1.0,1,20.0,50.0,50.19635092552459,50.0,23.864704030359544
187,ABBVIE INC.,Healthcare,34.0,Low Risk,29.9,3.0,1,20.0,50.0,48.3510765094541,50.0,24.986514199265
188,HORMEL FOODS CORPORATION,Consumer Defensive,33.95,Low Risk,30.0,3.0,1,20.0,50.0,48.15708551056635,50.0,24.870967754104985
189,BOEING COMPANY,Industrials,33.93,Low Risk,39.6,4.0,1,20.0,50.0,47.622430300306604,50.0,25.219941364141103
190,BANK OF NEW YORK MELLON CORPORATION,Financial Services,33.82,Low Risk,20.9,2.0,1,20.0,51.03291087791653,47.721785726387324,50.0,23.3832381606486
191,SEAGATE TECHNOLOGY HOLDINGS PLCS,Technology,33.8,Low Risk,10.7,1.0,1,20.0,50.0,49.42038692997358,50.0,22.610792876740792
192,APTIV PLC,Consumer Cyclical,33.8,Low Risk,10.7,1.0,1,20.0,50.0,49.42038692997358,50.0,22.610792876740792
193,MARATHON PETROLEUM CORPORATION,Energy,33.72,Low Risk,30.5,3.0,1,20.0,50.0,47.18713051612758,50.0,24.30460075241538
194,ROBERT HALF INC.,Industrials,33.66,Low Risk,10.9,1.0,1,20.0,50.0,49.03240493219807,50.0,22.018348616054414
195,WILLIAMS COMPANIES INC.,Energy,33.52,Low Risk,21.8,2.0,1,20.0,52.108453534081455,45.975866736397535,50.0,22.01834863059376
196,"NEXTRA ENERGY, INC.",Utilities,33.46,Low Risk,23.3,2.0,1,20.0,56.6713908308356,43.06600175308124,50.0,19.977848546219516
197,COMCAST CORP,Communication Services,33.45,Low Risk,23.1,2.0,1,20.0,55.952498282966836,43.45398375085674,50.0,20.2346041123985
198,U.S. BANCORP,Financial Services,33.44,Low Risk,30.3,3.0,1,20.0,47.47689239079112,47.575112513903086,50.0,24.528904515461495
199,"ALTRIA GROUP, INC.",Consumer Defensive,33.36,Low Risk,31.3,3.0,1,20.0,50.0,45.63520252502555,50.0,23.436050717863363
200,HUNTINGTON BANCSHARES INC,Financial Services,33.34,Low Risk,21.8,2.0,1,20.0,50.965131072000815,45.975866736397535,50.0,22.01834863059376
201,CSX CORPORATION,Industrials,33.33,Low Risk,21.9,2.0,1,20.0,51.22524485858966,45.781875737509786,50.0,21.87361909645489
202,TATA CONSULTANCY SERVICES LTD.,Technology,33.3,Low Risk,11.4,1.0,1,20.0,50.0,48.062449937759304,50.0,20.628183355153503
203,AMAZON.COM INC,Consumer Cyclical,33.27,Low Risk,30.6,3.0,1,20.0,47.25550853284502,46.993139517239825,50.0,24.19354839914217
204,SUN PHARMACEUTICAL INDUSTRIES LTD.,Healthcare,33.23,Low Risk,31.6,3.0,1,20.0,50.0,45.05322952836229,50.0,23.121682331144928
205,HINDALCO INDUSTRIES LTD.,Basic Materials,33.23,Low Risk,31.6,3.0,1,20.0,50.0,45.05322952836229,50.0,23.121682331144928
206,TECH MAHINDRA LTD.,Technology,33.17,Low Risk,11.6,1.0,1,20.0,50.0,47.6744679399838,50.0,20.105672963958387
207,DAVITA INC.,Healthcare,33.05,Low Risk,22.6,2.0,1,20.0,51.6550243032689,44.42393874529551,50.0,20.89637454291733
208,HUMANA INC.,Healthcare,33.03,Low Risk,22.5,2.0,1,20.0,51.201691620953035,44.617929744183265,50.0,21.032258071315667
209,TATA STEEL LTD.,Basic Materials,33.0,Low Risk,30.7,3.0,1,20.0,45.77282665613447,46.79914851835208,50.0,24.083219513968242
210,"O'REILLY AUTOMOTIVE, INC.",Consumer Cyclical,32.84,Low Risk,12.1,1.0,1,20.0,50.0,46.704512945545034,50.0,18.87496667058511
211,GILEAD SCIENCES INC,Healthcare,32.8,Low Risk,23.0,2.0,1,20.0,51.31548582061607,43.6479747497445,50.0,20.364656388310152
212,"AIR PRODUCTS & CHEMICALS, INC.",Basic Materials,32.71,Low Risk,12.3,1.0,1,20.0,50.0,46.31653094776952,50.0,18.41070023143613
213,OIL & NATURAL GAS CORPORATION LTD.,Energy,32.7,Low Risk,52.2,5.0,1,20.0,50.0,41.268045123414254,50.0,23.41490546661871
214,SEMPRA,Utilities,32.68,Low Risk,23.6,2.0,1,20.0,52.473227442200134,42.48402875641798,50.0,19.600874801804977
215,WABTEC INC.,Industrials,32.61,Low Risk,23.3,2.0,1,20.0,50.99193332870156,43.06600175308124,50.0,19.977848546219516
216,"UNIVERSAL HEALTH SERVICES, INC. CLASS B",Healthcare,32.61,Low Risk,33.0,3.0,1,20.0,50.0,42.33735554393375,50.0,21.73020529011181
217,ARCHER DANIELS MIDLAND COMPANY,Consumer Defensive,32.58,Low Risk,31.8,3.0,1,20.0,46.275568147668324,44.66524753058678,50.0,22.915398672773083
218,"MOTOROLA SOLUTIONS, INC.",Technology,32.22,Low Risk,13.1,1.0,1,20.0,50.0,44.7646029566675,50.0,16.695395219510377
219,"NASDAQ, INC.",Financial Services,32.22,Low Risk,13.1,1.0,1,20.0,50.0,44.7646029566675,50.0,16.695395219510377
220,"MID-AMERICA APARTMENT COMMUNITIES, INC.",Real Estate,32.22,Low Risk,13.1,1.0,1,20.0,50.0,44.7646029566675,50.0,16.695395219510377
221,PUBLIC STORAGE,Real Estate,32.22,Low Risk,13.1,1.0,1,20.0,50.0,44.7646029566675,50.0,16.695395219510377
222,CHARTER COMM INC DEL CL A,Communication Services,31.96,Low Risk,24.7,2.0,1,20.0,51.082082099863214,40.35012776865269,50.0,18.296983159486558
223,LAM RESEARCH CORP,Technology,31.93,Low Risk,13.6,1.0,1,20.0,50.0,43.79464796222873,50.0,15.72580644890715
224,"DOMINION ENERGY, INC",Utilities,31.92,Low Risk,26.4,2.0,1,20.0,55.88969014428773,37.05228078756089,50.0,16.49560117972881
225,AUTOMATIC DATA PROCESSING,Industrials,31.81,Low Risk,13.8,1.0,1,20.0,50.0,43.406665964453225,50.0,15.357643756287022
226,"PALO ALTO NETWORKS, INC.",Technology,31.76,Low Risk,13.9,1.0,1,20.0,50.0,43.212674965565476,50.0,15.177535388671455
227,"SIMON PROPERTY GROUP, INC.",Real Estate,31.7,Low Risk,14.0,1.0,1,20.0,50.0,43.01868396667772,50.0,14.99999999773426
228,GENERAL DYNAMICS CORPORATION,Industrials,31.68,Low Risk,35.2,3.0,1,20.0,50.0,38.069553568403165,50.0,19.767228750019388
229,GOLDMAN SACHS GROUP INC.,Financial Services,31.6,Low Risk,25.5,2.0,1,20.0,51.10114351337768,38.798199777550664,50.0,17.41935484548484
230,PHILLIPS 66,Energy,31.59,Low Risk,35.4,3.0,1,20.0,50.0,37.68157157062767,50.0,19.600874805940347
231,ENTERGY CORPORATION,Utilities,31.16,Low Risk,26.7,2.0,1,20.0,51.70002472210019,36.47030779089763,50.0,16.20152229736681
232,AES CORPORATION,Utilities,31.14,Low Risk,26.7,2.0,1,20.0,51.58175050575704,36.47030779089763,50.0,16.20152229736681
233,BUNGE GLOBAL SA,Consumer Defensive,31.14,Low Risk,32.9,3.0,1,20.0,39.9170649523253,42.5313465428215,50.0,21.825669194795235
234,CHEVRON CORPORATION,Energy,31.1,Low Risk,36.6,3.0,1,20.0,50.0,35.353679583974625,50.0,18.640930735178685
235,JSW STEEL LTD.,Basic Materials,31.06,Low Risk,36.7,3.0,1,20.0,50.0,35.15968858508687,50.0,18.563769018318343
236,JUNIPER NETWORKS INC,Technology,31.01,Low Risk,14.8,1.0,1,20.0,48.23395052274655,41.466755975575694,50.0,13.666085438742389
237,JB HUNT TRANSPORT SERVICES INC,Industrials,30.98,Low Risk,14.8,1.0,1,20.0,48.05545597348531,41.466755975575694,50.0,13.666085438742389
238,"NETAPP, INC",Technology,30.96,Low Risk,15.4,1.0,1,20.0,50.0,40.30280998224917,50.0,12.756598239370685
239,S&P GLOBAL INC.,Financial Services,30.96,Low Risk,13.0,1.0,1,20.0,41.22649734667943,44.95859395555525,50.0,16.898263023814334
240,COPART INC,Industrials,30.66,Low Risk,16.0,1.0,1,20.0,50.0,39.13886398892265,50.0,11.915322579909233
241,AVERY DENNISON CORP.,Consumer Cyclical,30.61,Low Risk,16.1,1.0,1,20.0,50.0,38.944872990034895,50.0,11.781206170426064
242,OMNICOM GROUP INC.,Communication Services,30.51,Low Risk,16.3,1.0,1,20.0,50.0,38.55689099225939,50.0,11.5179101518058
243,"FIDELITY NATIONAL INFORMATION SERVICES, INC.",Technology,30.33,Low Risk,17.5,1.0,1,20.0,52.57503933882127,36.228999005606354,50.0,10.064516128949787
244,ARISTA NETWORKS,Technology,30.32,Low Risk,16.7,1.0,1,20.0,50.0,37.78092699670838,50.0,11.010237588945852
245,"CENTERPOINT ENERGY, INC.",Utilities,30.28,Low Risk,28.7,2.0,1,20.0,51.54272004328631,32.59048781314256,50.0,14.39811172951742
246,"UNITED RENTALS, INC.",Industrials,30.22,Low Risk,16.9,1.0,1,20.0,50.0,37.392944998932876,50.0,10.765413246496234
247,"THE HARTFORD FINANCIAL SERVICES GROUP, INC.",Financial Services,30.06,Low Risk,16.6,1.0,1,20.0,47.968598485118754,37.97491799559613,50.0,11.134862028324005
248,"MSCI, INC.",Financial Services,29.95,Low Risk,16.3,1.0,1,20.0,46.275568147668324,38.55689099225939,50.0,11.5179101518058
249,AFLAC INC.,Financial Services,29.9,Low Risk,18.3,1.0,1,20.0,52.11737699679475,34.67707101450432,50.0,9.20148069819783
250,XYLEM INC,Industrials,29.82,Low Risk,18.1,1.0,1,20.0,50.984124855406264,35.06505301227983,50.0,9.410087328563087
251,GENERAL ELECTRIC COMPANY,Industrials,29.56,Low Risk,40.5,3.0,1,20.0,50.0,27.78803062735225,50.0,15.913978504436564
252,DEVON ENERGY CORPORATION,Energy,29.5,Low Risk,33.8,2.0,1,20.0,59.8687660112452,22.696946869867144,50.0,10.765413252544413
253,PPL CORPORATION,Utilities,29.49,Low Risk,31.3,2.0,1,20.0,53.328403825113135,27.54672184206097,50.0,12.398227358479108
254,"C.H. ROBINSON WORLDWIDE, INC.",Industrials,29.31,Low Risk,19.3,1.0,1,20.0,51.1158861060663,32.73716102562679,50.0,8.223299348523987
255,SCHLUMBERGER LIMITED,Energy,29.16,Low Risk,20.3,1.0,1,20.0,52.9037057737934,30.797251036749255,50.0,7.341490545568554
256,EXXON MOBIL CORPORATION,Energy,29.13,Low Risk,41.6,3.0,1,20.0,50.0,25.654129639586955,50.0,15.237282887983877
257,"CHURCH & DWIGHT CO., INC.",Consumer Defensive,29.02,Low Risk,19.9,1.0,1,20.0,50.88330031985887,31.573215032300276,50.0,7.683579186720419
258,"NVR, INC.",Consumer Cyclical,28.96,Low Risk,20.3,1.0,1,20.0,51.60201556478042,30.797251036749255,50.0,7.341490545568554
259,"AMERICAN WATER WORKS COMPANY, INC",Utilities,28.83,Low Risk,21.6,1.0,1,20.0,54.25107578775928,28.275368051208464,50.0,6.317204301708719
260,BERKSHIRE HATHAWAY CLASS B,Financial Services,28.71,Low Risk,20.7,1.0,1,20.0,51.01200752076531,30.021287041198246,50.0,7.012622721459621
261,GARMIN LTD,Technology,28.7,Low Risk,20.7,1.0,1,20.0,50.98026653320405,30.021287041198246,50.0,7.012622721459621
262,TARGA RESOURCES CORP.,Energy,28.68,Low Risk,33.2,2.0,1,20.0,52.85403709822651,23.860892863193655,50.0,11.134862034592775
263,HESS CORPORATION,Energy,28.57,Low Risk,33.1,2.0,1,20.0,51.86480627032611,24.054883862081407,50.0,11.197739017639876
264,INTUIT INC,Technology,28.34,Low Risk,16.4,2.0,0,0.0,50.0,56.45138067633622,50.0,32.45476003586235
265,"TEXTRON, INC.",Industrials,28.24,Low Risk,33.6,2.0,1,20.0,50.972639932046725,23.084928867642642,50.0,10.887096779965542
266,"EXPEDITORS INTERNATIONAL OF WASHINGTON, INC.",Industrials,28.2,Low Risk,16.6,2.0,0,0.0,50.0,56.06339867856071,50.0,31.947143416937376
267,BROADRIDGE FINANCIAL SOLUTIONS INC,Technology,28.2,Low Risk,16.6,2.0,0,0.0,50.0,56.06339867856071,50.0,31.947143416937376
268,"REVVITY, INC.",Healthcare,28.14,Low Risk,16.7,2.0,0,0.0,50.0,55.86940767967296,50.0,31.697894538181107
269,COTERRA ENERGY INC.,Energy,28.02,Low Risk,36.1,2.0,1,20.0,55.787891288709304,18.23515389544881,50.0,9.46296131358336
270,REGIONS FINANCIAL CORP.,Financial Services,28.0,Low Risk,16.9,2.0,0,0.0,50.0,55.481425681897456,50.0,31.208245853281834
271,LULULEMON ATHLETICA INC.,Consumer Cyclical,28.0,Low Risk,16.9,2.0,0,0.0,50.0,55.481425681897456,50.0,31.208245853281834
272,ATMOS ENERGY CORPORATION,Utilities,27.99,Low Risk,34.6,2.0,1,20.0,51.824007740693276,21.145018878765107,50.0,10.29274660267328
273,"TERADYNE, INC.",Technology,27.94,Low Risk,17.0,2.0,0,0.0,50.0,55.2874346830097,50.0,30.967741940402288
274,MCDONALD'S CORPORATION,Consumer Cyclical,27.92,Low Risk,26.0,3.0,0,0.0,50.0,55.91672546607648,50.0,30.186104231198296
275,AUTODESK INC,Technology,27.88,Low Risk,16.8,2.0,0,0.0,48.718229610828764,55.675416680785204,50.0,31.45161290797964
276,WALMART INC.,Consumer Defensive,27.88,Low Risk,25.3,3.0,0,0.0,47.33349311730279,57.27466245829075,50.0,31.289047571238317
277,PNC FINANCIAL SERVICES GROUP,Financial Services,27.86,Low Risk,26.1,3.0,0,0.0,50.0,55.72273446718872,50.0,30.033370424392903
278,KLA CORPORATION,Technology,27.81,Low Risk,17.2,2.0,0,0.0,50.0,54.899452685234195,50.0,30.495123786017867
279,TATA CONSUMER PRODUCTS LTD.,Consumer Defensive,27.66,Low Risk,26.5,3.0,0,0.0,50.0,54.94677047163771,50.0,29.433962276925744
280,HILTON WORLDWIDE HOLDINGS INC.,Consumer Cyclical,27.56,Low Risk,17.6,2.0,0,0.0,50.0,54.12348868968317,50.0,29.58211144230238
281,EBAY INC,Consumer Cyclical,27.56,Low Risk,17.6,2.0,0,0.0,50.0,54.12348868968317,50.0,29.58211144230238
282,DOLLAR GENERAL CORP.,Consumer Defensive,27.56,Low Risk,17.6,2.0,0,0.0,50.0,54.12348868968317,50.0,29.58211144230238
283,"ROCKWELL AUTOMATION, INC.",Industrials,27.49,Low Risk,17.7,2.0,0,0.0,50.0,53.92949769079543,50.0,29.360306183655975
284,"PAYPAL HOLDINGS, INC.",Financial Services,27.43,Low Risk,17.8,2.0,0,0.0,50.0,53.73550669190767,50.0,29.140993118925575
285,SYNCHRONY FINANCIAL,Financial Services,27.4,Low Risk,17.3,2.0,0,0.0,47.676094155943396,54.70546168634644,50.0,30.262912554092512
286,STATE STREET CORPORATION,Financial Services,27.37,Low Risk,24.1,1.0,1,20.0,51.07741939995185,23.42559307901463,50.0,4.658010976463768
287,REGENERON PHARMACEUTICALS INC,Healthcare,27.31,Low Risk,18.0,2.0,0,0.0,50.0,53.34752469413216,50.0,28.709677424951696
288,CINTAS CORP,Industrials,27.25,Low Risk,18.1,2.0,0,0.0,50.0,53.153533695244406,50.0,28.497594017415583
289,"MICRON TECHNOLOGY, INC.",Technology,27.19,Low Risk,18.2,2.0,0,0.0,50.0,52.95954269635666,50.0,28.287841196774227
290,ROSS STORES INC,Consumer Cyclical,27.19,Low Risk,18.2,2.0,0,0.0,50.0,52.95954269635666,50.0,28.287841196774227
291,"FRANKLIN RESOURCES, INC.",Financial Services,27.13,Low Risk,18.3,2.0,0,0.0,50.0,52.7655516974689,50.0,28.080380756685027
292,INCYTE GENOMICS INC,Healthcare,27.08,Low Risk,24.8,1.0,1,20.0,50.892762250927646,22.06765608680036,50.0,4.25338189454113
293,"UNITED PARCEL SERVICE, INC. CLASS B",Industrials,26.95,Low Risk,18.6,2.0,0,0.0,50.0,52.18357870080564,50.0,27.471383980932227
294,LAS VEGAS SANDS CORP.,Consumer Cyclical,26.89,Low Risk,18.7,2.0,0,0.0,50.0,51.98958770191789,50.0,27.27272727867901
295,HENRY (JACK) & ASSOCIATES,Technology,26.89,Low Risk,18.7,2.0,0,0.0,50.0,51.98958770191789,50.0,27.27272727867901
296,ZOETIS INC.,Healthcare,26.83,Low Risk,18.8,2.0,0,0.0,50.0,51.795596703030135,50.0,27.07618394559753
297,BRITANNIA INDUSTRIES LTD.,Consumer Defensive,26.8,Low Risk,26.0,1.0,1,20.0,51.998934015558184,19.739764100147326,50.0,3.610421836873174
298,"BLACKROCK, INC.",Financial Services,26.79,Low Risk,18.3,2.0,0,0.0,47.73568879523174,52.7655516974689,50.0,28.080380756685027
299,KOTAK MAHINDRA BANK LTD.,Financial Services,26.66,Low Risk,19.1,2.0,0,0.0,50.0,51.213623706366874,50.0,26.498902218582163
300,AMERICAN EXPRESS COMPANY,Financial Services,26.56,Low Risk,18.6,2.0,0,0.0,47.39818553246543,52.18357870080564,50.0,27.471383980932227
301,IQVIA HOLDINGS INC.,Healthcare,26.51,Low Risk,19.1,2.0,0,0.0,49.02356165739839,51.213623706366874,50.0,26.498902218582163
302,"PTC, INC",Technology,26.49,Low Risk,18.9,2.0,0,0.0,48.14899443818492,51.601605704142386,50.0,26.881720436145468
303,AMPHENOL CORPORATION,Technology,26.37,Low Risk,19.6,2.0,0,0.0,50.0,50.24366871192811,50.0,25.576036872653237
304,"FISERV, INC.",Technology,26.37,Low Risk,19.6,2.0,0,0.0,50.0,50.24366871192811,50.0,25.576036872653237
305,HUBBELL INCORPORATED,Industrials,26.37,Low Risk,19.6,2.0,0,0.0,50.0,50.24366871192811,50.0,25.576036872653237
306,BAJAJ FINSERV LTD.,Financial Services,26.32,Low Risk,26.5,1.0,1,20.0,50.0,18.769809105708553,50.0,3.3597078521156725
307,FEDEX CORPORATION,Industrials,26.32,Low Risk,19.7,2.0,0,0.0,50.0,50.04967771304036,50.0,25.397085318262132
308,CUMMINS INC.,Industrials,26.26,Low Risk,19.3,2.0,0,0.0,48.09252922593248,50.82564170859137,50.0,26.12401805733734
309,CENTENE CORPORATION,Healthcare,26.21,Low Risk,19.9,2.0,0,0.0,50.0,49.661695715264855,50.0,25.04457773373024
310,"ECOLAB, INC.",Basic Materials,26.21,Low Risk,19.9,2.0,0,0.0,50.0,49.661695715264855,50.0,25.04457773373024
311,DOLLAR TREE INC.,Consumer Defensive,26.1,Low Risk,20.1,2.0,0,0.0,50.0,49.27371371748934,50.0,24.69908522550391
312,SHRIRAM FINANCE LTD.,Financial Services,26.1,Low Risk,20.1,2.0,0,0.0,50.0,49.27371371748934,50.0,24.69908522550391
313,"ROPER TECHNOLOGIES, INC.",Technology,25.93,Low Risk,20.4,2.0,0,0.0,50.0,48.69174072082609,50.0,24.19354839360769
314,TEXAS INSTRUMENTS INCORPORATED,Technology,25.83,Low Risk,20.6,2.0,0,0.0,50.0,48.30375872305058,50.0,23.864704046642128
315,SKYWORKS SOLUTIONS INC,Technology,25.78,Low Risk,28.0,1.0,1,20.0,50.0,15.85994412239225,50.0,2.661290323129128
316,LYONDELLBASELL INDUSTRIES N.V. CLASS A,Basic Materials,25.77,Low Risk,20.7,2.0,0,0.0,50.0,48.10976772416283,50.0,23.702664803208638
317,"YUM! BRANDS, INC.",Consumer Cyclical,25.74,Low Risk,20.1,2.0,0,0.0,47.620845649861884,49.27371371748934,50.0,24.69908522550391
318,"AMERIPRISE FINANCIAL, INC.",Financial Services,25.66,Low Risk,20.3,2.0,0,0.0,47.79878057966442,48.88573171971384,50.0,24.360400451426475
319,EMERSON ELECTRIC CO.,Industrials,25.64,Low Risk,28.4,1.0,1,20.0,50.0,15.083980126841233,50.0,2.4875056797618704
320,D.R. HORTON INC.,Consumer Cyclical,25.61,Low Risk,21.0,2.0,0,0.0,50.0,47.52779472749957,50.0,23.22580645824289
321,RELIANCE INDUSTRIES LTD.,Energy,25.57,Low Risk,41.0,2.0,1,20.0,51.195944098794,8.729594949948897,50.0,7.175452404336983
322,"MARSH & MCLENNAN COMPANIES, INC.",Financial Services,25.56,Low Risk,21.1,2.0,0,0.0,50.0,47.333803728611805,50.0,23.06986699946118
323,"GENERAL MILLS, INC.",Consumer Defensive,25.56,Low Risk,21.1,2.0,0,0.0,50.0,47.333803728611805,50.0,23.06986699946118
324,"PULTEGROUP, INC.",Consumer Cyclical,25.4,Low Risk,21.4,2.0,0,0.0,50.0,46.75183073194855,50.0,22.610792891828762
325,MOLSON COORS BEVERAGE COMPANY CLASS B,Consumer Defensive,25.4,Low Risk,21.4,2.0,0,0.0,50.0,46.75183073194855,50.0,22.610792891828762
326,LTIMINDTREE LTD.,Technology,25.35,Low Risk,21.5,2.0,0,0.0,50.0,46.557839733060796,50.0,22.460615160493393
327,"CF INDUSTRIES HOLDING, INC.",Basic Materials,25.32,Low Risk,29.3,1.0,1,20.0,50.0,13.338061136851458,50.0,2.113839040433911
328,CMS ENERGY CORPORATION,Utilities,25.25,Low Risk,21.7,2.0,0,0.0,50.0,46.16985773528529,50.0,22.164412077489036
329,ALLIANT ENERGY CORPORATION,Utilities,25.25,Low Risk,21.4,2.0,0,0.0,48.94973434002406,46.75183073194855,50.0,22.610792891828762
330,ALLEGION PUBLIC LIMITED COMPANY,Industrials,25.2,Low Risk,21.8,2.0,0,0.0,50.0,45.975866736397535,50.0,22.01834863059376
331,ARTHUR J. GALLAGHER & CO.,Financial Services,25.12,Low Risk,21.2,2.0,0,0.0,47.42496066117872,47.139812729724056,50.0,22.915398667648457
332,THE ALLSTATE CORPORATION,Financial Services,25.1,Low Risk,22.0,2.0,0,0.0,50.0,45.58788473862203,50.0,21.730205285353048
333,DISCOVER FINANCIAL SERVICES,Financial Services,24.85,Low Risk,22.5,2.0,0,0.0,50.0,44.617929744183265,50.0,21.032258071315667
334,PINNACLE WEST CAPITAL CORPORATION,Utilities,24.8,Low Risk,30.8,1.0,1,20.0,50.0,10.428196153535161,50.0,1.5395894431825266
335,DEERE & COMPANY,Industrials,24.76,Low Risk,20.0,2.0,0,0.0,40.74464259684823,49.4677047163771,50.0,24.870967748346946
336,VERTEX PHARMACEUTICALS INC,Healthcare,24.75,Low Risk,22.7,2.0,0,0.0,50.0,44.22994774640776,50.0,20.761688226222482
337,BRISTOL-MYERS SQUIBB CO.,Healthcare,24.75,Low Risk,22.7,2.0,0,0.0,50.0,44.22994774640776,50.0,20.761688226222482
338,INVESCO LTD,Financial Services,24.7,Low Risk,22.8,2.0,0,0.0,50.0,44.035956747520004,50.0,20.62818336844544
339,BOSTON SCIENTIFIC CORP.,Healthcare,24.55,Low Risk,23.1,2.0,0,0.0,50.0,43.45398375085674,50.0,20.2346041123985
340,ARCH CAPITAL GROUP LTD,Financial Services,24.51,Low Risk,22.5,2.0,0,0.0,47.71848043375091,44.617929744183265,50.0,21.032258071315667
341,CLOROX COMPANY,Consumer Defensive,24.47,Low Risk,21.6,2.0,0,0.0,44.426246531140976,46.36384873417304,50.0,22.311827963706804
342,MICROCHIP TECHNOLOGY INC,Technology,24.45,Low Risk,31.8,1.0,1,20.0,50.0,8.488286164657623,50.0,1.1868533173980946
343,HINDUSTAN UNILEVER LTD.,Consumer Defensive,24.41,Low Risk,23.4,2.0,0,0.0,50.0,42.87201075419349,50.0,19.851116632143317
344,BLACKSTONE INC.,Financial Services,24.41,Low Risk,23.4,2.0,0,0.0,50.0,42.87201075419349,50.0,19.851116632143317
345,"CITIZENS FINANCIAL GROUP, INC.",Financial Services,24.36,Low Risk,23.5,2.0,0,0.0,50.0,42.67801975530573,50.0,19.725463287548127
346,CAMPBELL SOUP COMPANY,Consumer Defensive,24.36,Low Risk,23.5,2.0,0,0.0,50.0,42.67801975530573,50.0,19.725463287548127
347,THE CHARLES SCHWAB CORPORATION,Financial Services,24.31,Low Risk,23.3,2.0,0,0.0,49.000133312003456,43.06600175308124,50.0,19.977848546219516
348,NORTHERN TRUST CORP,Financial Services,24.17,Low Risk,23.9,2.0,0,0.0,50.0,41.902055759754724,50.0,19.233364833396905
349,DIVI'S LABORATORIES LTD.,Healthcare,24.11,Low Risk,32.8,1.0,1,20.0,50.0,6.548376175780085,50.0,0.855625491959854
350,"ASSURANT, INC.",Financial Services,24.08,Low Risk,24.1,2.0,0,0.0,50.0,41.51407376197921,50.0,18.993441313216902
351,"AMERICAN INTERNATIONAL GROUP, INC.",Financial Services,24.03,Low Risk,24.2,2.0,0,0.0,50.0,41.32008276309146,50.0,18.874966682383594
352,ELI LILLY & CO.,Healthcare,23.98,Low Risk,24.3,2.0,0,0.0,50.0,41.12609176420371,50.0,18.75746715139216
353,"CONSTELLATION BRANDS, INC.",Consumer Defensive,23.8,Low Risk,24.7,2.0,0,0.0,50.0,40.35012776865269,50.0,18.296983159486558
354,FASTENAL CO,Industrials,23.8,Low Risk,24.7,2.0,0,0.0,50.0,40.35012776865269,50.0,18.296983159486558
355,STEEL DYNAMICS INC,Basic Materials,23.76,Low Risk,33.0,1.0,1,20.0,48.12118578269841,6.16039417800458,50.0,0.791788856511003
356,CHUBB LIMITED,Financial Services,23.75,Low Risk,23.6,2.0,0,0.0,46.26167091035308,42.48402875641798,50.0,19.600874801804977
357,MGM RESORTS INTERNATIONAL,Consumer Cyclical,23.75,Low Risk,24.8,2.0,0,0.0,50.0,40.15613676976494,50.0,18.18418314937166
358,APOLLO HOSPITALS ENTERPRISE LTD.,Healthcare,23.66,Low Risk,25.0,2.0,0,0.0,50.0,39.76815477198943,50.0,17.961290329383555
359,"EOG RESOURCES, INC.",Energy,23.64,Low Risk,34.2,1.0,1,20.0,50.0,3.832502191351537,50.0,0.424448217432456
360,UNION PACIFIC CORP.,Industrials,23.59,Low Risk,23.5,2.0,0,0.0,44.86354490164315,42.67801975530573,50.0,19.725463287548127
361,COMERICA INCORPORATED,Financial Services,23.57,Low Risk,25.2,2.0,0,0.0,50.0,39.380172774213925,50.0,17.741935490663643
362,MORGAN STANLEY,Financial Services,23.54,Low Risk,24.6,2.0,0,0.0,47.98496293936246,40.544118767540446,50.0,18.410700242854062
363,ILLINOIS TOOL WORKS INC.,Industrials,23.52,Low Risk,25.3,2.0,0,0.0,50.0,39.18618177532617,50.0,17.633558594062396
364,LENNAR CORPORATION CLASS A,Consumer Cyclical,23.48,Low Risk,25.4,2.0,0,0.0,50.0,38.99219077643842,50.0,17.526035058851402
365,FORTIVE CORPORATION,Technology,23.44,Low Risk,34.8,1.0,1,20.0,50.0,2.6685561980250228,50.0,0.2502780868321022
366,HALLIBURTON COMPANY,Energy,23.39,Low Risk,25.6,2.0,0,0.0,50.0,38.60420877866291,50.0,17.313508071284875
367,WYNN RESORTS LTD,Consumer Cyclical,23.34,Low Risk,25.7,2.0,0,0.0,50.0,38.41021777977516,50.0,17.208485007389662
368,MARUTI SUZUKI INDIA LTD.,Consumer Cyclical,23.3,Low Risk,25.8,2.0,0,0.0,50.0,38.2162267808874,50.0,17.104276075772358
369,"PPG INDUSTRIES, INC.",Basic Materials,23.25,Low Risk,25.2,2.0,0,0.0,47.89154646591854,39.380172774213925,50.0,17.741935490663643
370,NORWEGIAN CRUISE LINE HOLDINGS LTD.S,Consumer Cyclical,23.25,Low Risk,25.9,2.0,0,0.0,50.0,38.022235781999655,50.0,17.00087184632944
371,"ZIMMER BIOMET HOLDINGS, INC.",Healthcare,23.21,Low Risk,26.0,2.0,0,0.0,50.0,37.8282447831119,50.0,16.89826303403575
372,"MCCORMICK & COMPANY, INCORPORATED NON-VTG CS",Consumer Defensive,23.16,Low Risk,26.1,2.0,0,0.0,50.0,37.63425378422414,50.0,16.796440496165467
373,"AMERICAN ELECTRIC POWER COMPANY, INC.",Utilities,23.16,Low Risk,26.1,2.0,0,0.0,50.0,37.63425378422414,50.0,16.796440496165467
374,EQT CORP,Energy,23.14,Low Risk,35.7,1.0,1,20.0,50.0,0.9226372080352405,50.0,0.0
375,COLGATE-PALMOLIVE COMPANY,Consumer Defensive,23.12,Low Risk,26.2,2.0,0,0.0,50.0,37.440262785336394,50.0,16.695395229576327
376,THE ESTEE LAUDER COMPANIES INC. CLASS A,Consumer Defensive,23.06,Low Risk,25.5,2.0,0,0.0,47.48954995036088,38.798199777550664,50.0,17.41935484548484
377,AMERICAN AIRLINES GROUP INC.,Industrials,23.03,Low Risk,26.4,2.0,0,0.0,50.0,37.05228078756089,50.0,16.49560117972881
378,"XCEL ENERGY, INC.",Utilities,22.99,Low Risk,26.5,2.0,0,0.0,50.0,36.85828978867313,50.0,16.39683506452071
379,ALBEMARLE CORPORATION,Basic Materials,22.94,Low Risk,26.6,2.0,0,0.0,50.0,36.66429878978538,50.0,16.29881155168233
380,FMC CORPORATION,Basic Materials,22.9,Low Risk,30.7,1.0,1,20.0,37.1376580784327,10.622187152422917,50.0,1.576126931129826
381,EASTMAN CHEMICAL COMPANY,Basic Materials,22.87,Low Risk,25.3,2.0,0,0.0,45.66309947293511,39.18618177532617,50.0,17.633558594062396
382,DUKE ENERGY CORPORATION,Utilities,22.77,Low Risk,27.0,2.0,0,0.0,50.0,35.88833479423437,50.0,15.913978501277146
383,CELANESE CORPORATION,Basic Materials,22.75,Low Risk,26.1,2.0,0,0.0,47.22507649454868,37.63425378422414,50.0,16.796440496165467
384,"CHIPOTLE MEXICAN GRILL, INC.",Consumer Cyclical,22.7,Low Risk,20.7,2.0,0,0.0,29.53447792717806,48.10976772416283,50.0,23.702664803208638
385,"STANLEY BLACK & DECKER, INC.",Industrials,22.7,Low Risk,25.3,2.0,0,0.0,44.52750510923815,39.18618177532617,50.0,17.633558594062396
386,AMEREN CORPORATION,Utilities,22.68,Low Risk,27.2,2.0,0,0.0,50.0,35.50035279645886,50.0,15.725806458246577
387,PUBLIC SERVICE ENTERPRISE GROUP INCORPORATED,Utilities,22.68,Low Risk,27.2,2.0,0,0.0,50.0,35.50035279645886,50.0,15.725806458246577
388,NORTHROP GRUMMAN CORP.,Industrials,22.56,Low Risk,27.5,2.0,0,0.0,50.0,34.9183797997956,50.0,15.44868035850877
389,"EXPEDIA GROUP, INC.",Consumer Cyclical,22.51,Low Risk,27.6,2.0,0,0.0,50.0,34.724388800907846,50.0,15.357643765357704
390,MAHINDRA & MAHINDRA LTD.,Consumer Cyclical,22.28,Low Risk,27.8,2.0,0,0.0,49.03112904456578,34.336406803132334,50.0,15.177535397612061
391,"BATH & BODY WORKS, INC.",Consumer Cyclical,22.22,Low Risk,28.3,2.0,0,0.0,50.0,33.36645180869357,50.0,14.738401921479227
392,NESTLE INDIA LTD.,Consumer Defensive,22.22,Low Risk,28.3,2.0,0,0.0,50.0,33.36645180869357,50.0,14.738401921479227
393,BAJAJ AUTO LTD.,Consumer Cyclical,22.18,Low Risk,17.0,1.0,0,0.0,50.0,37.19895400004512,50.0,10.64516129005646
394,ITC LTD.,Consumer Defensive,22.18,Low Risk,28.0,2.0,0,0.0,48.94083643527233,33.94842480535683,50.0,15.000000006547623
395,AKAMAI TECHNOLOGIES INC,Technology,22.18,Low Risk,17.0,1.0,0,0.0,50.0,37.19895400004512,50.0,10.64516129005646
396,KELLANOVA,Consumer Defensive,22.17,Low Risk,28.4,2.0,0,0.0,50.0,33.17246080980583,50.0,14.652430719813143
397,CIPLA LTD.,Healthcare,22.17,Low Risk,28.4,2.0,0,0.0,50.0,33.17246080980583,50.0,14.652430719813143
398,STATE BANK OF INDIA,Financial Services,22.16,Low Risk,27.0,2.0,0,0.0,45.9438921313363,35.88833479423437,50.0,15.913978501277146
399,"RAYMOND JAMES FINANCIAL, INC.",Financial Services,22.16,Low Risk,27.0,2.0,0,0.0,45.9602419171614,35.88833479423437,50.0,15.913978501277146
400,"F5, INC.",Technology,22.13,Low Risk,17.1,1.0,0,0.0,50.0,37.004963001157364,50.0,10.526315789246745
401,"QORVO, INC.",Technology,22.13,Low Risk,28.5,2.0,0,0.0,50.0,32.978469810918064,50.0,14.567062824825182
402,KIMBERLY-CLARK CORP.,Consumer Defensive,22.13,Low Risk,28.5,2.0,0,0.0,50.0,32.978469810918064,50.0,14.567062824825182
403,"UNITED AIRLINES HOLDINGS, INC.",Industrials,22.09,Low Risk,28.6,2.0,0,0.0,50.0,32.78447881203031,50.0,14.482291908123656
404,TATA MOTORS LTD.,Consumer Cyclical,22.07,Low Risk,27.5,2.0,0,0.0,46.79925469650731,34.9183797997956,50.0,15.44868035850877
405,STRYKER CORPORATION,Healthcare,22.06,Low Risk,28.3,2.0,0,0.0,48.96280441191704,33.36645180869357,50.0,14.738401921479227
406,"BIO-RAD LABORATORIES, INC.CLASS A",Healthcare,21.99,Low Risk,17.4,1.0,0,0.0,50.0,36.42299000449411,50.0,10.177975528248044
407,"VERISK ANALYTICS, INC.",Industrials,21.94,Low Risk,17.5,1.0,0,0.0,50.0,36.228999005606354,50.0,10.064516128949787
408,MONSTER BEVERAGE CORPORATION,Consumer Defensive,21.84,Low Risk,29.2,2.0,0,0.0,50.0,31.620532818703794,50.0,13.985859484970117
409,DOMINO'S PIZZA INC.,Consumer Cyclical,21.84,Low Risk,29.2,2.0,0,0.0,50.0,31.620532818703794,50.0,13.985859484970117
410,VULCAN MATERIALS COMPANY,Basic Materials,21.8,Low Risk,29.3,2.0,0,0.0,50.0,31.426541819816038,50.0,13.905097441157189
411,THE SHERWIN-WILLIAMS COMPANY,Basic Materials,21.76,Low Risk,29.4,2.0,0,0.0,50.0,31.23255082092829,50.0,13.8248847990027
412,"EVEREST GROUP, LTD.",Financial Services,21.72,Low Risk,18.0,1.0,0,0.0,50.0,35.25904401116758,50.0,9.516129032331143
413,TELEFLEX INCORPORATED,Healthcare,21.68,Low Risk,29.6,2.0,0,0.0,50.0,30.844568823152777,50.0,13.666085446628678
414,DTE ENERGY COMPANY,Utilities,21.59,Low Risk,29.8,2.0,0,0.0,50.0,30.456586825377272,50.0,13.509417629185176
415,FACTSET RESEARCH SYSTEMS,Financial Services,21.54,Low Risk,18.4,1.0,0,0.0,50.0,34.48308001561657,50.0,9.098877980544422
416,IDEX CORPORATION,Industrials,21.49,Low Risk,29.3,2.0,0,0.0,47.92650107089942,31.426541819816038,50.0,13.905097441157189
417,BAJAJ FINANCE LTD.,Financial Services,21.49,Low Risk,18.5,1.0,0,0.0,50.0,34.289089016728816,50.0,8.997384481459648
418,"EATON CORPORATION, PLCS",Industrials,21.46,Low Risk,17.9,1.0,0,0.0,47.96031623338354,35.45303501005534,50.0,9.623355559604306
419,EDWARDS LIFESCIENCES CORP,Healthcare,21.45,Low Risk,18.6,1.0,0,0.0,50.0,34.09509801784106,50.0,8.896982310321416
420,PACKAGING CORP OF AMERICA,Consumer Cyclical,21.45,Low Risk,18.6,1.0,0,0.0,50.0,34.09509801784106,50.0,8.896982310321416
421,PARKER-HANNIFIN CORPORATION,Industrials,21.42,Low Risk,29.5,2.0,0,0.0,48.00902142713211,31.038559822040533,50.0,13.745215971371092
422,IDEXX LABORATORIES INC,Healthcare,21.4,Low Risk,18.7,1.0,0,0.0,50.0,33.90110701895331,50.0,8.797653959194804
423,"DARDEN RESTAURANTS, INC.",Consumer Cyclical,21.32,Low Risk,27.5,2.0,0,0.0,41.742979353768526,34.9183797997956,50.0,15.44868035850877
424,"FORTINET, INC.",Technology,21.32,Low Risk,18.9,1.0,0,0.0,50.0,33.51312502117781,50.0,8.602150537928033
425,THE J.M. SMUCKER COMPANY,Consumer Defensive,21.31,Low Risk,30.5,2.0,0,0.0,50.0,29.098649833163,50.0,12.977260714847109
426,CME GROUP INC.,Financial Services,21.3,Low Risk,17.8,1.0,0,0.0,46.626753439752974,35.64702600894309,50.0,9.731786879318104
427,SOUTHWEST AIRLINES CO.,Industrials,21.23,Low Risk,30.7,2.0,0,0.0,50.0,28.710667835387493,50.0,12.829673222549019
428,"CONAGRA BRANDS, INC.",Consumer Defensive,21.19,Low Risk,30.8,2.0,0,0.0,50.0,28.516676836499737,50.0,12.756598246654455
429,INDUSIND BANK LTD.,Financial Services,21.18,Low Risk,30.1,2.0,0,0.0,48.06298540783792,29.874613828714008,50.0,13.278319586177474
430,"DELTA AIR LINES, INC.",Industrials,21.16,Low Risk,30.3,2.0,0,0.0,48.45727995671369,29.486631830938503,50.0,13.126796556877878
431,"ROLLINS, INC.",Consumer Cyclical,21.14,Low Risk,19.3,1.0,0,0.0,50.0,32.73716102562679,50.0,8.223299348523987
432,SNAP-ON INCORPORATED,Industrials,21.01,Low Risk,30.5,2.0,0,0.0,47.9930467452084,29.098649833163,50.0,12.977260714847109
433,HDFC BANK LTD.,Financial Services,20.98,Low Risk,30.6,2.0,0,0.0,48.06298540783792,28.904658834275242,50.0,12.903225812665
434,NXP SEMICONDUCTORS N.V.,Technology,20.93,Low Risk,19.8,1.0,0,0.0,50.0,31.767206031188024,50.0,7.7712609975196365
435,MARTIN MARIETTA MATERIALS,Basic Materials,20.88,Low Risk,30.1,2.0,0,0.0,46.04005685998449,29.874613828714008,50.0,13.278319586177474
436,INTERCONTINENTAL EXCHANGE INC.,Financial Services,20.76,Low Risk,19.8,1.0,0,0.0,48.863831978116316,31.767206031188024,50.0,7.7712609975196365
437,"NRG ENERGY, INC.",Utilities,20.72,Low Risk,32.0,2.0,0,0.0,50.0,26.188784849846698,50.0,11.915322586656949
438,"PRUDENTIAL FINANCIAL, INC.",Financial Services,20.59,Low Risk,19.9,1.0,0,0.0,48.016913831157694,31.573215032300276,50.0,7.683579186720419
439,HDFC LIFE INSURANCE COMPANY LTD.,Financial Services,20.51,Low Risk,20.8,1.0,0,0.0,50.0,29.82729604231049,50.0,6.932382134566716
440,VALERO ENERGY CORPORATION,Energy,20.48,Low Risk,32.6,2.0,0,0.0,50.0,25.024838856520176,50.0,11.517910158307462
441,"GLOBAL PAYMENTS, INC.",Industrials,20.47,Low Risk,20.9,1.0,0,0.0,50.0,29.63330504342274,50.0,6.852909400179595
442,"CBOE GLOBAL MARKETS, INC.",Financial Services,20.43,Low Risk,21.0,1.0,0,0.0,50.0,29.439314044534985,50.0,6.7741935489767435
443,"GARTNER, INC.",Technology,20.42,Low Risk,18.9,1.0,0,0.0,44.0286350732807,33.51312502117781,50.0,8.602150537928033
444,NUCOR CORPORATION,Basic Materials,20.4,Low Risk,32.8,2.0,0,0.0,50.0,24.63685685874468,50.0,11.388670344209075
445,INTUITIVE SURGICAL INC.,Healthcare,20.39,Low Risk,21.1,1.0,0,0.0,50.0,29.24532304564723,50.0,6.6962238195859065
446,"THE TRAVELERS COMPANIES, INC.",Financial Services,20.37,Low Risk,20.3,1.0,0,0.0,47.6321043561062,30.797251036749255,50.0,7.341490545568554
447,ULTRATECH CEMENT LTD.,Basic Materials,20.37,Low Risk,32.9,2.0,0,0.0,50.0,24.44286585985692,50.0,11.324639676433716
448,THE SOUTHERN COMPANY,Utilities,20.33,Low Risk,33.0,2.0,0,0.0,50.0,24.248874860969163,50.0,11.260997073311408
449,VERISIGN INC,Technology,20.31,Low Risk,21.3,1.0,0,0.0,50.0,28.857341047871724,50.0,6.542480691208549
450,KEYCORP,Financial Services,20.27,Low Risk,21.4,1.0,0,0.0,50.0,28.663350048983975,50.0,6.46668676576968
451,"BROWN & BROWN, INC.",Financial Services,20.27,Low Risk,20.5,1.0,0,0.0,47.56290835227086,30.40926903897375,50.0,7.175452400226522
452,THE MOSAIC COMPANY,Basic Materials,20.13,Low Risk,33.5,2.0,0,0.0,50.0,23.2789198665304,50.0,10.94848339529123
453,W.R. BERKLEY CORPORATION,Financial Services,20.11,Low Risk,21.8,1.0,0,0.0,50.0,27.88738605343296,50.0,6.170464635152197
454,COSTAR GROUP INC,Real Estate,20.07,Low Risk,21.9,1.0,0,0.0,50.0,27.69339505454521,50.0,6.0980998680827625
455,CONOCOPHILLIPS,Energy,19.98,Very Low Risk,33.9,2.0,0,0.0,50.0,22.502955870979388,50.0,10.705109911521372
456,MASCO CORPORATION,Industrials,19.95,Very Low Risk,22.2,1.0,0,0.0,50.0,27.111422057881946,50.0,5.884917175903473
457,LARSEN & TOUBRO LTD.,Industrials,19.91,Very Low Risk,34.1,2.0,0,0.0,50.0,22.114973873203873,50.0,10.5855642853288
458,ON SEMICONDUCTOR CORP,Technology,19.87,Very Low Risk,22.4,1.0,0,0.0,50.0,26.72344006010644,50.0,5.745967742606634
459,PENTAIR PLC,Industrials,19.41,Very Low Risk,22.1,1.0,0,0.0,46.146652190357266,27.305413056769698,50.0,5.955334988252588
460,"ANALOG DEVICES, INC.",Technology,19.32,Very Low Risk,22.9,1.0,0,0.0,47.620845649861884,25.75348506566767,50.0,5.409212565834592
461,"AMETEK, INC.",Industrials,19.29,Very Low Risk,23.9,1.0,0,0.0,50.0,23.81357507679014,50.0,4.777972736553769
462,HOLOGIC INC,Healthcare,18.87,Very Low Risk,25.0,1.0,0,0.0,50.0,21.679674089024854,50.0,4.141935484547094
463,"ONEOK, INC.",Energy,18.84,Very Low Risk,25.1,1.0,0,0.0,50.0,21.485683090137098,50.0,4.086878293952136
464,"DEXCOM, INC.",Healthcare,18.8,Very Low Risk,24.0,1.0,0,0.0,46.9915900739683,23.619584077902385,50.0,4.717741936175342
465,A.O. SMITH CORPORATION,Industrials,18.72,Very Low Risk,25.4,1.0,0,0.0,50.0,20.903710093473844,50.0,3.9243078492810017
466,"QUANTA SERVICES, INC.",Industrials,18.72,Very Low Risk,36.9,2.0,0,0.0,49.03858005377753,16.683225904346784,50.0,9.047993711010232
467,ASIAN PAINTS LTD.,Basic Materials,18.72,Very Low Risk,25.4,1.0,0,0.0,50.0,20.903710093473844,50.0,3.9243078492810017
468,POWER GRID CORPORATION OF INDIA LTD.,Utilities,18.62,Very Low Risk,22.1,1.0,0,0.0,40.89226059425453,27.305413056769698,50.0,5.955334988252588
469,NORDSON CORP,Industrials,18.62,Very Low Risk,24.9,1.0,0,0.0,48.08522804254897,21.87366508791261,50.0,4.197434901572322
470,MARATHON OIL CORPORATION,Energy,18.57,Very Low Risk,37.7,2.0,0,0.0,50.0,15.131297913244751,50.0,8.650637465570814
471,BHARAT PETROLEUM CORPORATION LTD.,Energy,18.53,Very Low Risk,37.8,2.0,0,0.0,50.0,14.937306914357016,50.0,8.602150542763908
472,RESMED INC.,Healthcare,18.36,Very Low Risk,26.4,1.0,0,0.0,50.0,18.963800104596306,50.0,3.409090909719705
473,CINCINNATI FINANCIAL CORP,Financial Services,18.35,Very Low Risk,25.6,1.0,0,0.0,48.03251249520912,20.51572809569833,50.0,3.8180443554977543
474,SBI LIFE INSURANCE COMPANY LTD.,Financial Services,18.32,Very Low Risk,24.8,1.0,0,0.0,45.84295167832001,22.06765608680036,50.0,4.25338189454113
475,DOVER CORPORATION,Industrials,18.25,Very Low Risk,25.9,1.0,0,0.0,48.08522804254897,19.93375509903508,50.0,3.661726243020018
476,APA CORPORATION,Energy,18.17,Very Low Risk,38.8,2.0,0,0.0,50.0,12.997396925479478,50.0,8.13102760723962
477,TRANSDIGM GROUP INCORPORATED,Industrials,17.62,Very Low Risk,38.7,2.0,0,0.0,46.11678531147198,13.191387924367213,50.0,8.177044266058545
478,OCCIDENTAL PETROLEUM CORPORATION,Energy,17.14,Very Low Risk,41.7,2.0,0,0.0,50.0,7.3716579577346195,50.0,6.892550480298393
479,GRASIM INDUSTRIES LTD.,Basic Materials,16.65,Very Low Risk,43.1,2.0,0,0.0,50.0,4.655783973306072,50.0,6.35431480114665
480,COAL INDIA LTD.,Energy,15.83,Very Low Risk,45.5,2.0,0,0.0,50.0,0.0,50.0,5.508684867542451
