company_name,sector,xgboost_prob,catboost_prob,hybrid_prob,hybrid_mc_mean,hybrid_mc_std,hybrid_ci_low,hybrid_ci_high,uncertainty,predicted_class,gw_label_proxy,gw_proxy_score
EASTMAN CHEMICAL COMPANY,Basic Materials,0.0009411088,0.0025768180255383915,0.0025768180255383915,0.0009507135761253245,0.0004265572977218409,0.00033317979946067373,0.0017491894242277406,0.0004265572977218409,0,0,0
DOMINO'S PIZZA INC.,Consumer Cyclical,0.002147026,0.002153348698567722,0.002153348698567722,0.0009334893578072743,0.00046114436958621084,0.00048773958557022154,0.0021490059197689744,0.00046114436958621084,0,0,0
DAVITA INC.,Healthcare,0.013089966,0.012343631849991706,0.012343631849991706,0.007024627611100109,0.008708991711242408,0.0012461671589998168,0.02977169588191133,0.008708991711242408,0,0,1
"DARDEN RESTAURANTS, INC.",Consumer Cyclical,0.0037326014,0.002255762193158922,0.002255762193158922,0.0009993834418743322,0.0003356119291605076,0.0005564042917925036,0.001659825894995492,0.0003356119291605076,0,0,0
ZOETIS INC.,Healthcare,0.0017239322,0.0016530409459981086,0.0016530409459981086,0.0007295709959052608,0.00020048563376253892,0.0004184093802935906,0.0011269076846489971,0.00020048563376253892,0,0,0
"ZIMMER BIOMET HOLDINGS, INC.",Healthcare,0.0011811138,0.001468725354311026,0.001468725354311026,0.0005549007133644038,0.00015509116012679756,0.0002945354474527497,0.0008550801606869603,0.00015509116012679756,0,0,0
"YUM! BRANDS, INC.",Consumer Cyclical,0.0016109892,0.005129833232434969,0.005129833232434969,0.001972595427843412,0.0009923181128046103,0.0006831020062311585,0.003820911718940131,0.0009923181128046103,0,0,0
XYLEM INC,Industrials,0.015173514,0.006672143906717404,0.006672143906717404,0.004068533411582765,0.005402039931278161,0.0006317430217604174,0.019081591768287606,0.005402039931278161,0,0,1
"XCEL ENERGY, INC.",Utilities,0.000994576,0.0016850264713102105,0.0016850264713102105,0.0008015054445882398,0.00043244027162996854,0.00038965731044425815,0.0018619373180948215,0.00043244027162996854,0,0,0
WYNN RESORTS LTD,Consumer Cyclical,0.0019375291,0.0020421741999771923,0.0020421741999771923,0.0009732006251235248,0.00041334207092180134,0.0004331718542337488,0.0020010405961069454,0.00041334207092180134,0,0,0
WILLIS TOWERS WATSON PUBLIC LIMITED COMPANYS,Financial Services,0.026876178,0.03139445071884932,0.03139445071884932,0.03611043442436916,0.0610169441380044,0.0015826457039340414,0.2048679461237372,0.0610169441380044,0,0,1
WILLIAMS COMPANIES INC.,Energy,0.007890028,0.008953982906016903,0.008953982906016903,0.005280389977289396,0.004076319417627665,0.0016074855270941176,0.013374530418136975,0.004076319417627665,0,0,1
WEYERHAEUSER COMPANY,Real Estate,0.028014017,0.11914157577375575,0.11914157577375575,0.1270971023073762,0.11747349394115839,0.013549320485539286,0.39568600872010284,0.11747349394115839,0,0,1
WESTERN DIGITAL CORP.,Technology,0.99626994,0.996177080177062,0.996177080177062,0.9967670536787894,0.001664434384325291,0.9927968902927767,0.9985441912545776,0.001664434384325291,1,1,2
WELLTOWER INC.,Real Estate,0.9440415,0.9129585960540112,0.9129585960540112,0.7503544959437913,0.25370476500758676,0.11512082356164555,0.9765734584043463,0.25370476500758676,1,1,2
WELLS FARGO & CO.,Financial Services,0.99517834,0.9898464038204935,0.9898464038204935,0.9841386081207599,0.019800942175203274,0.9362276754447916,0.9961917186857971,0.019800942175203274,1,1,3
"WEC ENERGY GROUP, INC.",Utilities,0.79502445,0.9029642238060462,0.9029642238060462,0.5861753911448521,0.4737000931630454,0.0021533016001948125,0.989889927319111,0.4737000931630454,1,1,2
WATERS CORP,Healthcare,0.99675554,0.9959587834219298,0.9959587834219298,0.9970261418598169,0.0015150060054019876,0.9936650438621364,0.9986762203425626,0.0015150060054019876,1,1,2
"WASTE MANAGEMENT, INC.",Industrials,0.01324823,0.02037628916587839,0.02037628916587839,0.0076445775343723325,0.0055749633211263526,0.001901883993517239,0.020299195272997467,0.0055749633211263526,0,0,1
WALMART INC.,Consumer Defensive,0.005024458,0.011640981160225387,0.011640981160225387,0.00931925520497955,0.010093779809149949,0.0015324155008086843,0.0330396254035709,0.010093779809149949,0,0,0
"WALGREENS BOOTS ALLIANCE, INC",Healthcare,0.9920088,0.9954472983044486,0.9954472983044486,0.9973776375262151,0.001551239611629039,0.9931031476965005,0.9987786842434196,0.001551239611629039,1,1,3
WABTEC INC.,Industrials,0.004373171,0.005479948140151295,0.005479948140151295,0.0016436828253502632,0.0017497947124153026,0.0002473295036582664,0.0061205245435511455,0.0017497947124153026,0,0,1
"W.W. GRAINGER, INC.",Industrials,0.7920479,0.3888488801279225,0.3888488801279225,0.5594257965891033,0.2995011068339715,0.0887605724052616,0.9604485292924055,0.2995011068339715,0,0,1
W.R. BERKLEY CORPORATION,Financial Services,0.0019376876,0.0028945612526125805,0.0028945612526125805,0.00107668197184887,0.0005124175248161674,0.0004161535860309298,0.002125176916529628,0.0005124175248161674,0,0,0
VULCAN MATERIALS COMPANY,Basic Materials,0.0020235905,0.0020213795354450774,0.0020213795354450774,0.0007582633507052588,0.0002696864905383915,0.00043955540032164964,0.0013129438447225035,0.0002696864905383915,0,0,0
VISA INC.,Financial Services,0.99086714,0.9943603213580113,0.9943603213580113,0.9977009307454864,0.0007128848098912601,0.9965464290559689,0.9988404212880506,0.0007128848098912601,1,1,3
VERTEX PHARMACEUTICALS INC,Healthcare,0.0015017327,0.002863098165432476,0.002863098165432476,0.003243382951933555,0.00522712918435032,0.0005174226273728984,0.018218754188411165,0.00522712918435032,0,0,0
VERIZON COMMUNICATIONS,Communication Services,0.99352276,0.9933639357072213,0.9933639357072213,0.9958968925886456,0.003035708148731394,0.9885865626134587,0.9984274105943174,0.003035708148731394,1,1,3
"VERISK ANALYTICS, INC.",Industrials,0.0014425424,0.0038708225035636273,0.0038708225035636273,0.002910320216430799,0.0031941344411784453,0.0006681499735032985,0.010709036117476043,0.0031941344411784453,0,0,0
VERISIGN INC,Technology,0.0011874806,0.0016534778957681174,0.0016534778957681174,0.0009523821403550493,0.00041860258940050975,0.00033499784595175284,0.0018677601807647632,0.00041860258940050975,0,0,0
"VENTAS, INC.",Real Estate,0.9979814,0.9848480444593997,0.9848480444593997,0.964540860026793,0.04522229442885741,0.8448001703389221,0.992547970475153,0.04522229442885741,1,1,3
VALERO ENERGY CORPORATION,Energy,0.0019616382,0.0034860067006479136,0.0034860067006479136,0.0025137996755757205,0.0018782758557569265,0.0007878802945923619,0.007067605226687963,0.0018782758557569265,0,0,0
"UNIVERSAL HEALTH SERVICES, INC. CLASS B",Healthcare,0.0055303057,0.006185278849994668,0.006185278849994668,0.005806894285443166,0.006298442834937464,0.0008746013531135294,0.021744238916802397,0.006298442834937464,0,0,1
UNITEDHEALTH GROUP INCORPORATED,Healthcare,0.9963457,0.9957568657941603,0.9957568657941603,0.9944763941639305,0.004405771540795858,0.9847522442069898,0.9980522780647688,0.004405771540795858,1,1,3
"UNITED RENTALS, INC.",Industrials,0.0017756247,0.0038982754519676574,0.0038982754519676574,0.0013802513410483544,0.0006702454757253813,0.0005196941160946397,0.0029225428342777612,0.0006702454757253813,0,0,1
"UNITED PARCEL SERVICE, INC. CLASS B",Industrials,0.0012765555,0.0018813543840232908,0.0018813543840232908,0.0005246131152081687,0.0001618955961542778,0.0002832238445050305,0.000794674122920791,0.0001618955961542778,0,0,0
"UNITED AIRLINES HOLDINGS, INC.",Industrials,0.0025079015,0.002000948535602399,0.002000948535602399,0.00070382359785102,0.00023653630986980977,0.00039306833407851393,0.0011404755000449945,0.00023653630986980977,0,0,0
UNION PACIFIC CORP.,Industrials,0.0010308905,0.001092547685795711,0.001092547685795711,0.0006482180600992065,0.00032861178424504697,0.00029217534235142855,0.0014870305552867951,0.00032861178424504697,0,0,0
"ULTA BEAUTY, INC.",Consumer Cyclical,0.986611,0.9820542334820132,0.9820542334820132,0.946940389739271,0.12448902126982339,0.6186328642537434,0.9962504853592734,0.12448902126982339,1,1,2
"UDR, INC.",Real Estate,0.96803766,0.972535363016601,0.972535363016601,0.8455761689772766,0.23427218205250022,0.26743850698344135,0.989497969696706,0.23427218205250022,1,1,2
U.S. BANCORP,Financial Services,0.016889764,0.008597755654633507,0.008597755654633507,0.044379161546900824,0.1251287101541301,0.000994506913859581,0.35331947621833004,0.1251287101541301,0,0,1
"TYSON FOODS, INC.",Consumer Defensive,0.02242899,0.014019113379284614,0.014019113379284614,0.024506793495662905,0.0717511125730211,0.0018336511510194597,0.19801516066114191,0.0717511125730211,0,0,1
TRIMBLE INC.,Technology,0.99689937,0.9951291135393228,0.9951291135393228,0.9951091664703331,0.0019964483932684647,0.9910213009632295,0.9978072104587319,0.0019964483932684647,1,1,2
TRANSDIGM GROUP INCORPORATED,Industrials,0.0021805833,0.0016261087136470154,0.0016261087136470154,0.0008814894081713182,0.0003494430358174286,0.0004487252710516872,0.0016102473365004722,0.0003494430358174286,0,0,0
TRANE TECHNOLOGIES PLC,Industrials,0.99534166,0.991590585197091,0.991590585197091,0.9898715470038262,0.008271436221607647,0.9694060541504044,0.9973996063058994,0.008271436221607647,1,1,2
TRACTOR SUPPLY CO,Consumer Cyclical,0.7227245,0.48817449305632005,0.48817449305632005,0.5885034217093743,0.3024757265443253,0.07852502275380313,0.9451427130017315,0.3024757265443253,0,1,2
"TJX COMPANIES, INC.",Consumer Cyclical,0.99449486,0.9978727342873207,0.9978727342873207,0.9979240403719143,0.0007518211458299721,0.9962227225082854,0.9990463363606239,0.0007518211458299721,1,1,2
"THERMO FISHER SCIENTIFIC, INC.",Healthcare,0.99684817,0.996641109392709,0.996641109392709,0.9961517231252021,0.0023458542587739585,0.9905681069126592,0.9984471246625154,0.0023458542587739585,1,1,3
THE WALT DISNEY COMPANY,Communication Services,0.995886,0.9712983544572421,0.9712983544572421,0.93278627847648,0.1082956253424447,0.6618619930750198,0.9942820717925033,0.1082956253424447,1,1,3
"THE TRAVELERS COMPANIES, INC.",Financial Services,0.0012375313,0.0020930036587664194,0.0020930036587664194,0.0010403360126273824,0.0006242183384813372,0.00038043997571289296,0.0024498069026270383,0.0006242183384813372,0,0,0
THE SOUTHERN COMPANY,Utilities,0.0021404356,0.0029247071675110666,0.0029247071675110666,0.0014456408245756651,0.0008855543962870065,0.0004990086387565473,0.0035246494931102886,0.0008855543962870065,0,0,0
THE SHERWIN-WILLIAMS COMPANY,Basic Materials,0.0023839707,0.003849287934810885,0.003849287934810885,0.0009712162028475236,0.0003601191318867824,0.00045281988051345856,0.0016588139826992695,0.0003601191318867824,0,0,0
THE MOSAIC COMPANY,Basic Materials,0.00325755,0.0018522054079637218,0.0018522054079637218,0.000742803803421709,0.00023226051024166392,0.00046030052652466796,0.0012721241667905234,0.00023226051024166392,0,0,0
THE KROGER CO.,Consumer Defensive,0.98473084,0.9923214183709467,0.9923214183709467,0.9963657209956847,0.0019734814465110382,0.9917238701486191,0.9981511347495875,0.0019734814465110382,1,1,2
THE KRAFT HEINZ COMPANY,Consumer Defensive,0.1189163,0.08842303456823304,0.08842303456823304,0.01195682846091507,0.01165392786711454,0.0011372045153146446,0.034180340401389044,0.01165392786711454,0,1,2
THE J.M. SMUCKER COMPANY,Consumer Defensive,0.001985249,0.0017158040688255525,0.0017158040688255525,0.0005820195620149706,0.0002150038308432683,0.0003217637327449076,0.000972205557930566,0.0002150038308432683,0,0,0
"THE INTERPUBLIC GROUP OF COMPANIES, INC.",Communication Services,0.018823603,0.011378403848062319,0.011378403848062319,0.025337004283018844,0.03670352274966192,0.0022582457832464107,0.11310364219944988,0.03670352274966192,0,0,1
THE HERSHEY COMPANY,Consumer Defensive,0.018541101,0.011267786422889716,0.011267786422889716,0.005477681551341578,0.00660084101772135,0.0010134750764917925,0.021930907392192327,0.00660084101772135,0,0,1
"THE HARTFORD FINANCIAL SERVICES GROUP, INC.",Financial Services,0.0016755626,0.0032100839180314858,0.0032100839180314858,0.0011713158851714455,0.0006241401695996538,0.0004074168266330314,0.002303529153053202,0.0006241401695996538,0,0,1
THE ESTEE LAUDER COMPANIES INC. CLASS A,Consumer Defensive,0.0014120088,0.0010492696488333608,0.0010492696488333608,0.0005189268810547741,0.0001736756961801175,0.000319771378613865,0.0008928465106210263,0.0001736756961801175,0,0,0
"THE COOPER COMPANIES, INC.",Healthcare,0.016071718,0.012458778909841817,0.012458778909841817,0.011200315219946837,0.01758251905774883,0.0011557046685600786,0.05466167347441518,0.01758251905774883,0,0,1
THE CIGNA GROUP,Healthcare,0.9966987,0.9969238377537307,0.9969238377537307,0.9966448570101729,0.0018566959172279874,0.9928505660310883,0.9987762772800607,0.0018566959172279874,1,1,2
THE CHARLES SCHWAB CORPORATION,Financial Services,0.0017818316,0.002956626367379279,0.002956626367379279,0.001442839552680647,0.0010314017083897337,0.00042592991384742327,0.00401159060138135,0.0010314017083897337,0,0,0
THE ALLSTATE CORPORATION,Financial Services,0.0015916775,0.0021002221239877976,0.0021002221239877976,0.001086992853603784,0.0006495644705488127,0.00044030660520068764,0.0026901162985002052,0.0006495644705488127,0,0,0
"TEXTRON, INC.",Industrials,0.036838382,0.008763868388078706,0.008763868388078706,0.0024573329826649516,0.002261440485464233,0.00041882584439834357,0.007744633057838565,0.002261440485464233,0,0,1
TEXAS INSTRUMENTS INCORPORATED,Technology,0.0011939416,0.0014955382640863826,0.0014955382640863826,0.0006223648083619837,0.0002127197503070807,0.0003244936513497593,0.0010229763649592899,0.0002127197503070807,0,0,0
"TESLA, INC.",Consumer Cyclical,0.34997243,0.18983197956329542,0.18983197956329542,0.10953949302219765,0.13642197507248052,0.00448099488562902,0.4216065387733031,0.13642197507248052,0,0,1
"TERADYNE, INC.",Technology,0.0026284144,0.004019367913929155,0.004019367913929155,0.001569097620020448,0.0010293886973188069,0.000724957682583108,0.004234413439344196,0.0010293886973188069,0,0,0
TELEFLEX INCORPORATED,Healthcare,0.00498868,0.002765393424045405,0.002765393424045405,0.0009407394243155364,0.000520024742997823,0.0003130416820966445,0.0020696933804853425,0.000520024742997823,0,0,0
TE CONNECTIVITY LTD,Technology,0.99584585,0.9903230487221749,0.9903230487221749,0.9940438734327548,0.002838508618550585,0.988585453386798,0.9975893147117911,0.002838508618550585,1,1,2
TARGET CORPORATION,Consumer Defensive,0.9986726,0.9895703847134844,0.9895703847134844,0.9939482608767711,0.002997933389791937,0.9872761362697129,0.9973166104525804,0.002997933389791937,1,1,4
TARGA RESOURCES CORP.,Energy,0.077896975,0.022701950406831862,0.022701950406831862,0.018103696886226504,0.025017552398672052,0.0023944245654700445,0.08911081101926216,0.025017552398672052,0,0,1
"TAPESTRY, INC.",Consumer Cyclical,0.99706155,0.9951889967193025,0.9951889967193025,0.9965620993892499,0.001769384645787746,0.992073721274769,0.9987524782477618,0.001769384645787746,1,1,2
"T-MOBILE US, INC.",Communication Services,0.36786616,0.1231034228867498,0.1231034228867498,0.36406359430159924,0.3053079076301342,0.018326302313606196,0.9414163329349429,0.3053079076301342,0,0,1
T ROWE PRICE GROUP INC,Financial Services,0.034624893,0.025455420753361817,0.025455420753361817,0.008111636599945323,0.007459730359660821,0.0007184589178057154,0.025020770689858706,0.007459730359660821,0,1,2
SYSCO CORPORATION,Consumer Defensive,0.9843785,0.8748086489493553,0.8748086489493553,0.7611320881272452,0.27665879957414957,0.08555250734317463,0.9829035570665703,0.27665879957414957,1,0,1
SYNOPSYS INC,Technology,0.9963109,0.9974952277179441,0.9974952277179441,0.9970112453579745,0.0007946167309336026,0.9954221313833218,0.9981140690285095,0.0007946167309336026,1,1,2
SYNCHRONY FINANCIAL,Financial Services,0.0015264025,0.0021764955764992564,0.0021764955764992564,0.001189630717416723,0.00037916587738094155,0.0005072856716055016,0.0019210292304112201,0.00037916587738094155,0,0,0
STRYKER CORPORATION,Healthcare,0.0048345784,0.0018321429969493921,0.0018321429969493921,0.0005912751216230362,0.0002548601135308777,0.00022634806782594123,0.001134223218420594,0.0002548601135308777,0,0,0
STEEL DYNAMICS INC,Basic Materials,0.0043997914,0.0025193405710648665,0.0025193405710648665,0.0011231658134493604,0.00045144050595387916,0.0004691602276455495,0.0020429687402872907,0.00045144050595387916,0,0,1
STATE STREET CORPORATION,Financial Services,0.034844395,0.0650146988236527,0.0650146988236527,0.032689587485342286,0.045643405946773526,0.0006563536622749863,0.1429219123875536,0.045643405946773526,0,0,1
STARBUCKS CORP,Consumer Cyclical,0.05660425,0.035428508504769224,0.035428508504769224,0.20144728158142122,0.3025084276717014,0.003663390144044403,0.9023665606519342,0.3025084276717014,0,0,1
"STANLEY BLACK & DECKER, INC.",Industrials,0.001424863,0.0016696571133279598,0.0016696571133279598,0.0004371556429527201,0.0001844568821228258,0.00024503249728390075,0.0008993587607557236,0.0001844568821228258,0,0,0
SOUTHWEST AIRLINES CO.,Industrials,0.0019165293,0.0017903683143143832,0.0017903683143143832,0.0007926094151875895,0.00033516238194753866,0.0003919964067100974,0.0014523395148436727,0.00033516238194753866,0,0,0
SNAP-ON INCORPORATED,Industrials,0.0023703892,0.0018824621735035495,0.0018824621735035495,0.0005890800472864577,0.0002017371218666159,0.0003099114543622347,0.0008802573081101103,0.0002017371218666159,0,0,0
SKYWORKS SOLUTIONS INC,Technology,0.0052588615,0.0024234486700934286,0.0024234486700934286,0.0008690416870682568,0.0002962464122785957,0.0005227101466300482,0.0014892125722254603,0.0002962464122785957,0,0,1
"SIMON PROPERTY GROUP, INC.",Real Estate,0.031575497,0.03415493574725461,0.03415493574725461,0.13435284049598878,0.2509332219654498,0.0025036610065372424,0.7935649492544699,0.2509332219654498,0,0,1
"SERVICENOW, INC.",Technology,0.0156033,0.009149822585596705,0.009149822585596705,0.005547579703560583,0.0045096490561439785,0.0016756702784110338,0.01670054025712791,0.0045096490561439785,0,0,1
SEMPRA,Utilities,0.0088899145,0.01375835214394156,0.01375835214394156,0.0154870362308452,0.01722991691753108,0.0015689543441982365,0.05334590040172591,0.01722991691753108,0,0,1
SEAGATE TECHNOLOGY HOLDINGS PLCS,Technology,0.023005266,0.01524137668228549,0.01524137668228549,0.015282524620342774,0.02467868230169577,0.0018333663527907876,0.07718577137634959,0.02467868230169577,0,0,1
SCHLUMBERGER LIMITED,Energy,0.044254046,0.02596501712387677,0.02596501712387677,0.019363417203912804,0.030480788027968678,0.0014356361418106838,0.09602828258787,0.030480788027968678,0,0,1
SBA COMMUNICATIONS CORP,Real Estate,0.9981468,0.9917965210122711,0.9917965210122711,0.9846716748245721,0.014577849417236994,0.9422477146882426,0.9945527442896392,0.014577849417236994,1,1,3
"SALESFORCE, INC.",Technology,0.87612784,0.8748499821625683,0.8748499821625683,0.43247764378657855,0.4752776085869985,0.0004298195871495323,0.9709853739416969,0.4752776085869985,1,1,2
S&P GLOBAL INC.,Financial Services,0.015590672,0.007973993928724932,0.007973993928724932,0.012620425112559657,0.027144036285786852,0.0009747746912368866,0.08008301801381248,0.027144036285786852,0,0,1
ROYAL CARIBBEAN GROUP,Consumer Cyclical,0.9757662,0.987737140431723,0.987737140431723,0.9920332394887581,0.004242188930905949,0.9845562995472209,0.9978589638864181,0.004242188930905949,1,1,2
ROSS STORES INC,Consumer Cyclical,0.0021494124,0.002375394974664668,0.002375394974664668,0.0012868494270014247,0.00048131841269471483,0.0006631279550285718,0.002216705607218563,0.00048131841269471483,0,0,0
"ROPER TECHNOLOGIES, INC.",Technology,0.0011468077,0.001098324183594154,0.001098324183594154,0.0005784130730861129,0.0002666079243193268,0.00027043498136729673,0.0011910747391907523,0.0002666079243193268,0,0,0
"ROLLINS, INC.",Consumer Cyclical,0.001031763,0.001698967214877839,0.001698967214877839,0.0009771639834234166,0.0004417233688171138,0.00045339284237054327,0.0020879291483786567,0.0004417233688171138,0,0,0
"ROCKWELL AUTOMATION, INC.",Industrials,0.0017011944,0.0028321959119433243,0.0028321959119433243,0.0011642022500529914,0.00041286778400211754,0.0005479759856060555,0.0019626926892637613,0.00041286778400211754,0,0,0
ROBERT HALF INC.,Industrials,0.017284553,0.008505151696988376,0.008505151696988376,0.0177062317156954,0.021818059930653676,0.001704984842123847,0.06620070549033799,0.021818059930653676,0,0,1
"REVVITY, INC.",Healthcare,0.0023335824,0.0042961552450677875,0.0042961552450677875,0.0021018245265819395,0.0006751869217580937,0.001174055445573161,0.0032136033366496303,0.0006751869217580937,0,0,0
RESMED INC.,Healthcare,0.0011104214,0.0023788531138857084,0.0023788531138857084,0.000918953707003909,0.0004533149905413756,0.0004396492453661033,0.0019274778206703155,0.0004533149905413756,0,0,0
REPUBLIC SERVICES INC.,Industrials,0.98530585,0.9872579121064698,0.9872579121064698,0.9859249487985553,0.011273782556304625,0.9604011738190242,0.9967543005876278,0.011273782556304625,1,1,3
REGIONS FINANCIAL CORP.,Financial Services,0.0028651622,0.0032035910276352352,0.0032035910276352352,0.0011263569341296372,0.000455982521084269,0.0006231809612467916,0.0022753796409786167,0.000455982521084269,0,0,0
REGENERON PHARMACEUTICALS INC,Healthcare,0.0023928543,0.0034091202775746745,0.0034091202775746745,0.001330977711706741,0.000545904484965702,0.0006118084130492097,0.0024163835320453538,0.000545904484965702,0,0,0
REGENCY CENTERS CORPORATION,Real Estate,0.99829656,0.9933142863077101,0.9933142863077101,0.9882650336335377,0.011966217278507045,0.9538526208422339,0.9961575982163267,0.011966217278507045,1,1,3
REALTY INCOME CORPORATION,Real Estate,0.985851,0.9529842795312325,0.9529842795312325,0.9150398932566934,0.12807863581002368,0.5895309104844144,0.987500746238879,0.12807863581002368,1,1,2
"RAYMOND JAMES FINANCIAL, INC.",Financial Services,0.0064571025,0.002314094174670846,0.002314094174670846,0.0013654744850781612,0.0007894450207401089,0.0004343668995696748,0.0030445416660960824,0.0007894450207401089,0,0,0
RALPH LAUREN CORPORATION,Consumer Cyclical,0.99705863,0.9961105694707247,0.9961105694707247,0.9971625723845735,0.00123677846394632,0.9947002485950833,0.9987787858800148,0.00123677846394632,1,1,2
QUEST DIAGNOSTICS INC.,Healthcare,0.9844908,0.9900734727257172,0.9900734727257172,0.9954793727343786,0.0022646195141128385,0.9902920915044859,0.9982671485360873,0.0022646195141128385,1,1,2
"QUANTA SERVICES, INC.",Industrials,0.00277596,0.0026127193643615595,0.0026127193643615595,0.0017920727682254431,0.0011132095283004166,0.0005349864542022101,0.004645641837735294,0.0011132095283004166,0,0,0
QUALCOMM INC,Technology,0.9968309,0.9926620429189361,0.9926620429189361,0.9963314395424254,0.0024618273702590905,0.9901085142957651,0.9980614116939969,0.0024618273702590905,1,1,3
"QORVO, INC.",Technology,0.0028311373,0.0018754476672202811,0.0018754476672202811,0.0010598082505386083,0.0007275143994468087,0.0004710353598385659,0.0028532495987827105,0.0007275143994468087,0,0,0
"PULTEGROUP, INC.",Consumer Cyclical,0.0009288317,0.0010814449725542517,0.0010814449725542517,0.0005414578905419919,0.0003358748442682915,0.0002685850201308505,0.0014682277792020001,0.0003358748442682915,0,0,0
PUBLIC STORAGE,Real Estate,0.055937454,0.10268477228443117,0.10268477228443117,0.2325606937535401,0.2558831186068916,0.01178925896408239,0.7521686413789892,0.2558831186068916,0,0,1
PUBLIC SERVICE ENTERPRISE GROUP INCORPORATED,Utilities,0.0028549589,0.0032718232482483564,0.0032718232482483564,0.0030377851432072532,0.005036665183997206,0.00034491212249229594,0.01652874850415422,0.005036665183997206,0,0,0
"PTC, INC",Technology,0.0014960022,0.0019852402965767684,0.0019852402965767684,0.0009564787137843224,0.0006459715609288301,0.0003613464819125001,0.0025469017077700638,0.0006459715609288301,0,0,0
"PRUDENTIAL FINANCIAL, INC.",Financial Services,0.0012681403,0.0021003989567449353,0.0021003989567449353,0.0008104719141854226,0.0003493902970896853,0.0003838935646214925,0.0014980226184498492,0.0003493902970896853,0,0,0
"PROLOGIS, INC.",Real Estate,0.9766604,0.9422004105175549,0.9422004105175549,0.8856615045565697,0.16852391020130375,0.47250803737532027,0.976197444324354,0.16852391020130375,1,1,2
PROGRESSIVE CORPORATION,Financial Services,0.00154236,0.007795241343725106,0.007795241343725106,0.0019095593339116112,0.001532957419935054,0.0004380574092837106,0.005037397592886785,0.001532957419935054,0,0,1
PROCTER & GAMBLE COMPANY,Consumer Defensive,0.0047692116,0.005110221423631308,0.005110221423631308,0.0012237494279176515,0.0007201004814004538,0.0004012972656677321,0.002863662262378365,0.0007201004814004538,0,0,1
"PRINCIPAL FINANCIAL GROUP, INC.",Financial Services,0.9572615,0.9497117655695151,0.9497117655695151,0.5074861839839448,0.44939955800485853,0.002833481090391936,0.9868704340823807,0.44939955800485853,1,1,2
PPL CORPORATION,Utilities,0.036914635,0.014088317118776313,0.014088317118776313,0.0077054890255812665,0.011146648605103629,0.0018610242903724802,0.03586877553941688,0.011146648605103629,0,0,1
"PPG INDUSTRIES, INC.",Basic Materials,0.0011799729,0.0015418621247295795,0.0015418621247295795,0.0006617124045427685,0.00028278307226457344,0.0003407217164769152,0.0013351721219169957,0.00028278307226457344,0,0,0
PNC FINANCIAL SERVICES GROUP,Financial Services,0.006775704,0.01238712350870278,0.01238712350870278,0.005966749175821914,0.004725111240089762,0.0009485735851127547,0.0162009212757911,0.004725111240089762,0,0,0
PINNACLE WEST CAPITAL CORPORATION,Utilities,0.0054304167,0.004059098892944094,0.004059098892944094,0.0021822726126371973,0.0019692438729507935,0.0004948358147393893,0.007298413765736925,0.0019692438729507935,0,0,1
PHILLIPS 66,Energy,0.0023714923,0.004650218073920518,0.004650218073920518,0.001990561499775896,0.0014569442503213892,0.0006015717239785505,0.005795486203941621,0.0014569442503213892,0,0,1
PHILIP MORRIS INTERNATIONAL INC.,Consumer Defensive,0.013658949,0.005879759377190242,0.005879759377190242,0.005788012623528601,0.012361700681683139,0.0006671616594922963,0.0358799383767632,0.012361700681683139,0,0,1
PG&E CORPORATION,Utilities,0.9914403,0.9902432879126238,0.9902432879126238,0.9890434770054488,0.008612076965622422,0.96767217491824,0.9973816290170263,0.008612076965622422,1,1,3
PFIZER INC.,Healthcare,0.38736463,0.07641387659782033,0.07641387659782033,0.3417441752799948,0.2977849341561155,0.019703593654739972,0.9256048735263246,0.2977849341561155,0,0,1
"PEPSICO, INC.",Consumer Defensive,0.9858509,0.9914215279129741,0.9914215279129741,0.995992312233566,0.001660865431273038,0.9928109553218061,0.9981119920782346,0.001660865431273038,1,1,2
PENTAIR PLC,Industrials,0.0016818886,0.002744691638233748,0.002744691638233748,0.0011615323888346657,0.0008177150303291094,0.00034294170417692064,0.0031160497313984384,0.0008177150303291094,0,0,0
"PAYPAL HOLDINGS, INC.",Financial Services,0.0021831058,0.002114186256012902,0.002114186256012902,0.0008510005069996701,0.00031032555166967085,0.0004186594805632027,0.001523288672255729,0.00031032555166967085,0,0,0
PAYCHEX INC,Industrials,0.044849906,0.0582921500503362,0.0582921500503362,0.01886774602608123,0.020259213465421335,0.0008984737748449922,0.05977656596966164,0.020259213465421335,0,1,2
PARKER-HANNIFIN CORPORATION,Industrials,0.0022725675,0.002452816417501919,0.002452816417501919,0.0005809824942771486,0.0003078473697212927,0.00020758240287279783,0.0013549411353592626,0.0003078473697212927,0,0,0
PARAMOUNT GLOBAL CLASS B,Communication Services,0.99861526,0.9901052639703734,0.9901052639703734,0.9921710407191815,0.005406818959111195,0.9787063632938731,0.9974166972767353,0.005406818959111195,1,1,4
"PALO ALTO NETWORKS, INC.",Technology,0.015659202,0.010548789221773673,0.010548789221773673,0.008359666820429828,0.009935942950185085,0.0008111222958866796,0.03305841301506589,0.009935942950185085,0,0,1
PACKAGING CORP OF AMERICA,Consumer Cyclical,0.0014859628,0.003305423974824616,0.003305423974824616,0.005402498166470501,0.007561228299766724,0.0008688130490866543,0.02546629698661966,0.007561228299766724,0,0,0
PACCAR INC,Industrials,0.006565733,0.004619557089150452,0.004619557089150452,0.0018803145261807157,0.000901200958065394,0.0007596989192764555,0.00378360047619362,0.000901200958065394,0,0,1
ORACLE CORP,Technology,0.9983368,0.9940819609809893,0.9940819609809893,0.9947839837613035,0.003796440093255046,0.9868139183987508,0.9987366095397097,0.003796440093255046,1,1,3
"ONEOK, INC.",Energy,0.0010231711,0.002633733362047684,0.002633733362047684,0.0018561844018179121,0.0014740826571262389,0.0006594149074069639,0.005434432122693531,0.0014740826571262389,0,0,0
ON SEMICONDUCTOR CORP,Technology,0.0017073033,0.0041534029301141,0.0041534029301141,0.0037629549088426723,0.005008953149892254,0.0007213917170451988,0.01690891128661132,0.005008953149892254,0,0,0
OMNICOM GROUP INC.,Communication Services,0.0016850245,0.007467898458937178,0.007467898458937178,0.0024868113848928557,0.0013875670410663234,0.0006940124465689821,0.005338095205164238,0.0013875670410663234,0,0,1
OCCIDENTAL PETROLEUM CORPORATION,Energy,0.0018996224,0.006090290557964738,0.006090290557964738,0.002131604746253773,0.0024347033674939258,0.0006262030848543581,0.008045292234123369,0.0024347033674939258,0,0,0
"O'REILLY AUTOMOTIVE, INC.",Consumer Cyclical,0.021746177,0.014864818907114236,0.014864818907114236,0.014158004352842535,0.014628439588572451,0.0019285832544056756,0.049297617449522886,0.014628439588572451,0,0,1
NXP SEMICONDUCTORS N.V.,Technology,0.0015697897,0.003479532662948581,0.003479532662948581,0.0009343912220317055,0.0003857735482168573,0.0004546355062445077,0.001722254974425522,0.0003857735482168573,0,0,0
"NVR, INC.",Consumer Cyclical,0.02501778,0.009412752410892325,0.009412752410892325,0.004105000793892284,0.003220812804993974,0.0009254713935305356,0.011379836291770442,0.003220812804993974,0,0,1
NVIDIA CORP,Technology,0.9973475,0.9969075843102109,0.9969075843102109,0.997212166477644,0.0013982107048702162,0.9939210148096287,0.9985030800089738,0.0013982107048702162,1,1,2
NUCOR CORPORATION,Basic Materials,0.0022646443,0.002772966391440607,0.002772966391440607,0.0009771960418256647,0.00045945416513179174,0.0004506164167569329,0.0020485798340575795,0.00045945416513179174,0,0,0
"NRG ENERGY, INC.",Utilities,0.0023667894,0.0022382299420872884,0.0022382299420872884,0.0035938826248675406,0.005699657261036738,0.0004631687772757051,0.017514991065061825,0.005699657261036738,0,0,0
NORWEGIAN CRUISE LINE HOLDINGS LTD.S,Consumer Cyclical,0.0009671366,0.0012396479033162963,0.0012396479033162963,0.0005819118204812996,0.00021935806521892825,0.00033575188626430095,0.0010703048135754043,0.00021935806521892825,0,0,0
NORTHROP GRUMMAN CORP.,Industrials,0.0030174158,0.0018626423265823873,0.0018626423265823873,0.0007434230856256101,0.00035665408384162134,0.0002984609659663073,0.001541160002387195,0.00035665408384162134,0,0,0
NORTHERN TRUST CORP,Financial Services,0.001552382,0.0020644260172321066,0.0020644260172321066,0.0009814769688580058,0.0005799963748508759,0.0003791996155613631,0.0023379831163601004,0.0005799963748508759,0,0,0
NORFOLK SOUTHERN CORP.,Industrials,0.9856675,0.9533667133586501,0.9533667133586501,0.9737464134175864,0.02023413590507603,0.9265538738661947,0.9956995949100731,0.02023413590507603,1,1,2
NORDSON CORP,Industrials,0.0013878734,0.0028166539619601315,0.0028166539619601315,0.0014086092902706176,0.0012590710209690506,0.00036743963057996016,0.004564359871310265,0.0012590710209690506,0,0,0
NISOURCE INC.,Utilities,0.037292417,0.06551894158840868,0.06551894158840868,0.03597564783377451,0.09498573679683214,0.00242167259995706,0.256451777448532,0.09498573679683214,0,0,1
"NIKE, INC.",Consumer Cyclical,0.9906399,0.9947964401661152,0.9947964401661152,0.9973970413925336,0.0008060803992058837,0.9960896194829675,0.998601686458928,0.0008060803992058837,1,1,2
"NEXTRA ENERGY, INC.",Utilities,0.009320472,0.013959950792003711,0.013959950792003711,0.04206847803676832,0.09045064610290912,0.0018347269950104996,0.30427861534706485,0.09045064610290912,0,0,1
NEWS CORPORATION CLASS A,Communication Services,0.9973375,0.9957060398723014,0.9957060398723014,0.9966310315480259,0.001530007556173158,0.9932169436599951,0.9985002143618875,0.001530007556173158,1,1,2
NEWMONT CORPORATION,Basic Materials,0.97567296,0.9902967346502041,0.9902967346502041,0.9949217938291118,0.0023629175158221614,0.9905659691275956,0.9980402134473977,0.0023629175158221614,1,1,2
NETFLIX INC,Communication Services,0.06381992,0.0674012679609344,0.0674012679609344,0.08154562167278473,0.08643325489727925,0.010135119166541837,0.30289708483141053,0.08643325489727925,0,0,1
"NETAPP, INC",Technology,0.015543604,0.008058624940233294,0.008058624940233294,0.0069191593718816976,0.01103896321633525,0.0004329797905768337,0.03728481587980531,0.01103896321633525,0,0,1
"NASDAQ, INC.",Financial Services,0.022717312,0.010446422958787954,0.010446422958787954,0.017607063971125568,0.03907093141773602,0.0012243741603465102,0.11654616180359116,0.03907093141773602,0,0,1
"MSCI, INC.",Financial Services,0.0029977204,0.006588604783652076,0.006588604783652076,0.002119638830369874,0.0018444813242049147,0.0005786403470332024,0.006906840176803593,0.0018444813242049147,0,0,1
"MOTOROLA SOLUTIONS, INC.",Technology,0.018570244,0.011488283531178896,0.011488283531178896,0.008400504190130196,0.012000640881995601,0.0012364275849238828,0.03899418361988187,0.012000640881995601,0,0,1
MORGAN STANLEY,Financial Services,0.0015810754,0.0015160930909740773,0.0015160930909740773,0.0008646989206762764,0.0004330955230269753,0.00034360557875574084,0.0017632780368902097,0.0004330955230269753,0,0,0
MOODY'S CORPORATION,Financial Services,0.9837976,0.8605139685711716,0.8605139685711716,0.8548263752992179,0.21499759323155085,0.24059392219220524,0.9819878333258709,0.21499759323155085,1,0,1
MONSTER BEVERAGE CORPORATION,Consumer Defensive,0.0021187377,0.0022617123371719053,0.0022617123371719053,0.0012572064501997968,0.001678146077216257,0.0003314318823774136,0.00552111842972852,0.001678146077216257,0,0,0
"MONDELEZ INTERNATIONAL, INC. CLASS A",Consumer Defensive,0.986956,0.9930257626725482,0.9930257626725482,0.9965725630414244,0.0013186839357746047,0.9938956029391482,0.998149584087491,0.0013186839357746047,1,1,2
MOLSON COORS BEVERAGE COMPANY CLASS B,Consumer Defensive,0.0010952579,0.0016036909487610173,0.0016036909487610173,0.0006285767579985635,0.00020542441189856826,0.0003654691084411243,0.0010419909773926558,0.00020542441189856826,0,0,0
"MOHAWK INDUSTRIES, INC.",Consumer Cyclical,0.9960084,0.9938814422548005,0.9938814422548005,0.9934193002934837,0.005400333229897794,0.980386408050454,0.9974487468348268,0.005400333229897794,1,1,2
"MID-AMERICA APARTMENT COMMUNITIES, INC.",Real Estate,0.034901857,0.028910323084720944,0.028910323084720944,0.24319686480909614,0.30254880343898005,0.0043416205983873215,0.8107874786583341,0.30254880343898005,0,0,1
MICROSOFT CORP,Technology,0.9965699,0.9960037947244893,0.9960037947244893,0.9961594693980282,0.0021318025790225993,0.9907382035722677,0.9980822347955678,0.0021318025790225993,1,1,3
"MICRON TECHNOLOGY, INC.",Technology,0.0017791968,0.0027810269999335776,0.0027810269999335776,0.0012007206367031361,0.0010755026495288544,0.0004790905046059109,0.003933350486969954,0.0010755026495288544,0,0,0
MICROCHIP TECHNOLOGY INC,Technology,0.005294444,0.004491581167863514,0.004491581167863514,0.0016182073189690998,0.0013039270745540197,0.000560080421447794,0.004788253254865584,0.0013039270745540197,0,0,1
MGM RESORTS INTERNATIONAL,Consumer Cyclical,0.0016531416,0.002027120812883982,0.002027120812883982,0.0011170362420564804,0.0005003978896180905,0.0006345877681200963,0.0023208681325481775,0.0005003978896180905,0,0,0
METTLER-TOLEDO INTERNATIONAL,Healthcare,0.99652666,0.9978724916311742,0.9978724916311742,0.9975533915051912,0.001258099724667243,0.9943492099631228,0.9987497487789886,0.001258099724667243,1,1,2
"METLIFE, INC.",Financial Services,0.05032751,0.031209143126707358,0.031209143126707358,0.041379442204007716,0.06318651953088969,0.0022327306490338944,0.21958062389663302,0.06318651953088969,0,0,1
"META PLATFORMS, INC. CLASS A",Communication Services,0.89175326,0.917662797992191,0.917662797992191,0.6597215723219769,0.4362727184009836,0.009724747939645964,0.9879196338269549,0.4362727184009836,1,1,2
"MERCK & CO., INC.",Healthcare,0.9859439,0.994521677046985,0.994521677046985,0.9965693920581135,0.0018336964497800508,0.9924468289225189,0.9982662610852858,0.0018336964497800508,1,1,2
MEDTRONIC PLC,Healthcare,0.9921469,0.9911834997020704,0.9911834997020704,0.9938795522484059,0.004499089744354165,0.9830083386479014,0.9981576068494408,0.004499089744354165,1,1,3
MCKESSON CORPORATION,Healthcare,0.99628323,0.9973888531955498,0.9973888531955498,0.9971680143882515,0.0017920005612565926,0.9922276527612242,0.9985922907570343,0.0017920005612565926,1,1,3
MCDONALD'S CORPORATION,Consumer Cyclical,0.0012740642,0.003917740494850105,0.003917740494850105,0.0015098568013642252,0.0012915488048842849,0.000683493233414809,0.004654808180682239,0.0012915488048842849,0,0,0
"MCCORMICK & COMPANY, INCORPORATED NON-VTG CS",Consumer Defensive,0.0009743984,0.0013969408241139407,0.0013969408241139407,0.00043204380196651344,0.00017833716489663984,0.00021997695047701866,0.0008238632482136074,0.00017833716489663984,0,0,0
MASTERCARD INCORPORATED,Financial Services,0.9892456,0.992320238909053,0.992320238909053,0.9950729459919856,0.0028699348718851775,0.988717780896963,0.9981842367737905,0.0028699348718851775,1,1,4
MASCO CORPORATION,Industrials,0.0018477109,0.003472245137937736,0.003472245137937736,0.0008770712797897768,0.0005346680913598348,0.0004012283313054225,0.0021501592089517327,0.0005346680913598348,0,0,0
MARTIN MARIETTA MATERIALS,Basic Materials,0.0018658014,0.0031608513766072863,0.0031608513766072863,0.00122027617053611,0.00046543580938182425,0.0006001735041283646,0.002240843985804328,0.00046543580938182425,0,0,0
"MARSH & MCLENNAN COMPANIES, INC.",Financial Services,0.0013123376,0.0021087465165951016,0.0021087465165951016,0.0008479172631235685,0.0003835673312061192,0.000397379615678362,0.0015958818893034238,0.0003835673312061192,0,0,0
MARRIOT INTERNATIONAL CLASS A,Consumer Cyclical,0.9769058,0.9889584123783166,0.9889584123783166,0.9954788791566918,0.0020939861217889274,0.9924520799083114,0.9982410432620812,0.0020939861217889274,1,1,2
MARATHON PETROLEUM CORPORATION,Energy,0.0020577435,0.004541310467902508,0.004541310467902508,0.0022096962665900453,0.0016284630211904365,0.0006506955026006491,0.006387853530228856,0.0016284630211904365,0,0,1
MARATHON OIL CORPORATION,Energy,0.0017031968,0.0020594111569357827,0.0020594111569357827,0.0012572417419165496,0.0005709864455087842,0.0007045283416885275,0.0025733014899991477,0.0005709864455087842,0,0,0
M&T BANK CORP.,Financial Services,0.09852327,0.08164598257895038,0.08164598257895038,0.02753703648062807,0.03915421418606422,0.000580142540008246,0.12436058657580079,0.03915421418606422,0,1,2
LYONDELLBASELL INDUSTRIES N.V. CLASS A,Basic Materials,0.0015262943,0.004471225639533855,0.004471225639533855,0.0036973011626913166,0.003766490254620981,0.0011455646335017868,0.012667651808548269,0.003766490254620981,0,0,0
LULULEMON ATHLETICA INC.,Consumer Cyclical,0.0022249275,0.003985029535063841,0.003985029535063841,0.0017698531479322978,0.0006014749485871138,0.001024281427020691,0.0028997424829018017,0.0006014749485871138,0,0,0
LOWE'S COMPANIES INC.,Consumer Cyclical,0.9956905,0.9953220918933303,0.9953220918933303,0.9958991612079597,0.0017926790896283394,0.9930868433124316,0.9984681427699501,0.0017926790896283394,1,1,2
LOEWS CORPORATION,Financial Services,0.03760268,0.02292980760126082,0.02292980760126082,0.0409892734564857,0.06107356452321832,0.0032021175427006197,0.20194252863987036,0.06107356452321832,0,0,1
LOCKHEED MARTIN CORP.,Industrials,0.12008266,0.11494660305868658,0.11494660305868658,0.01381171420778626,0.016015579594316622,0.0006016074286973412,0.045841800759266804,0.016015579594316622,0,1,2
LKQ CORPORATION,Consumer Cyclical,0.9975546,0.9965438707791036,0.9965438707791036,0.9970398447285816,0.0016787177069245748,0.9935589542549361,0.99890574947857,0.0016787177069245748,1,1,2
LENNAR CORPORATION CLASS A,Consumer Cyclical,0.00084236375,0.0010297455689614796,0.0010297455689614796,0.0004799204675182596,0.00015311739311076107,0.00028176903774467915,0.0008422450891218232,0.00015311739311076107,0,0,0
"LEIDOS HOLDINGS, INC.",Technology,0.010792145,0.00791398878197424,0.00791398878197424,0.0027299424706677122,0.002251638721995185,0.0004473661884143982,0.007030598360426552,0.002251638721995185,0,0,1
LAS VEGAS SANDS CORP.,Consumer Cyclical,0.0020495183,0.0021668053737834243,0.0021668053737834243,0.0009475088961040566,0.000407316103313037,0.0003978662021443531,0.0018954800077293395,0.000407316103313037,0,0,0
LAM RESEARCH CORP,Technology,0.026297135,0.01615771076323914,0.01615771076323914,0.01465060337787788,0.021305501656451,0.0018347518238001881,0.06721849972985317,0.021305501656451,0,0,1
LABCORP HOLDINGS INC.,Healthcare,0.017881736,0.01623599961385626,0.01623599961385626,0.009933846154486142,0.008289103237365794,0.001311196789567331,0.03020223149895124,0.008289103237365794,0,0,1
KLA CORPORATION,Technology,0.002119495,0.0029968535272475384,0.0029968535272475384,0.0010756955337227216,0.0005833261896226338,0.0005406305312815659,0.0024251037580231404,0.0005833261896226338,0,0,0
"KINDER MORGAN, INC.",Energy,0.0068500554,0.008147976155793003,0.008147976155793003,0.0026045106198590395,0.0012219239646589911,0.0012167972530230356,0.005182062810415159,0.0012219239646589911,0,0,1
KIMCO REALTY CORP.,Real Estate,0.9985207,0.9880574256725648,0.9880574256725648,0.9784782740520412,0.0285002951925834,0.9076420668016891,0.9954755882638827,0.0285002951925834,1,1,3
KIMBERLY-CLARK CORP.,Consumer Defensive,0.0028042265,0.0018601191114324164,0.0018601191114324164,0.0005702620562293666,0.00017574877820042344,0.0003385904561081145,0.0009186591516730619,0.00017574877820042344,0,0,0
"KEYSIGHT TECHNOLOGIES, INC.",Technology,0.8861498,0.9338118030788839,0.9338118030788839,0.721460061719289,0.2771160383811725,0.14234810281129606,0.9719186060189403,0.2771160383811725,1,1,2
KEYCORP,Financial Services,0.0010980342,0.0017539179089769805,0.0017539179089769805,0.000839858119660515,0.000375167911715029,0.00037247866664620973,0.0015813069193898318,0.000375167911715029,0,0,0
KELLANOVA,Consumer Defensive,0.0022785347,0.0019380898260067958,0.0019380898260067958,0.0006917198816458284,0.0003297088566721165,0.0003885579256120119,0.0014361207242864285,0.0003297088566721165,0,0,0
JUNIPER NETWORKS INC,Technology,0.022478469,0.01909883920630471,0.01909883920630471,0.009825986244549126,0.016982959074533933,0.0005252489923844541,0.05789623703459234,0.016982959074533933,0,0,1
JPMORGAN CHASE & CO.,Financial Services,0.032051317,0.010058534186619443,0.010058534186619443,0.047703082398472096,0.1480172881121676,0.0006636596313697152,0.4194406975277417,0.1480172881121676,0,0,1
JOHNSON CONTROLS INTERNATIONAL PLC,Industrials,0.99578387,0.9914449053196781,0.9914449053196781,0.9954912202238656,0.0036662885479608423,0.9863360006097041,0.9982448871421081,0.0036662885479608423,1,1,3
JOHNSON & JOHNSON,Healthcare,0.9871667,0.9819958648047509,0.9819958648047509,0.9911108460432446,0.005419502352989792,0.9790034453605668,0.9972274244359707,0.005419502352989792,1,1,3
JB HUNT TRANSPORT SERVICES INC,Industrials,0.02445316,0.015346156944503486,0.015346156944503486,0.02333534167835419,0.04392891523044792,0.001702324736287422,0.13026309325769742,0.04392891523044792,0,0,1
JACOBS SOLUTIONS INC.,Industrials,0.98165005,0.9923478815112619,0.9923478815112619,0.9955200704873359,0.0022545145302466595,0.9902138079809482,0.9976864267769842,0.0022545145302466595,1,1,2
IRON MOUNTAIN INC.,Real Estate,0.9971937,0.9710003298099392,0.9710003298099392,0.9639267305425268,0.030193920954499315,0.8909831072067164,0.9885898583920357,0.030193920954499315,1,1,3
IQVIA HOLDINGS INC.,Healthcare,0.0016236354,0.0032228434279979188,0.0032228434279979188,0.001280162561804447,0.0005877336037706069,0.0005661047660375591,0.002533410114616834,0.0005877336037706069,0,0,0
INVESCO LTD,Financial Services,0.0020793919,0.0024579198440201396,0.0024579198440201396,0.0011912345845298536,0.0005898030501272759,0.0005090379660072014,0.002602835824618767,0.0005898030501272759,0,0,0
INTUITIVE SURGICAL INC.,Healthcare,0.0013197962,0.0024596226601901654,0.0024596226601901654,0.0006750581903354307,0.00030700515873702093,0.00032861949454556617,0.0014165573333752776,0.00030700515873702093,0,0,0
INTUIT INC,Technology,0.006050111,0.012077357708921032,0.012077357708921032,0.0058305746338571905,0.004265850533049913,0.0012324564958993108,0.015260153883703104,0.004265850533049913,0,0,0
INTERNATIONAL PAPER CO.,Consumer Cyclical,0.20261078,0.07530566705590672,0.07530566705590672,0.34095272622510614,0.4026041846997587,0.017011081138572765,0.9541536344443349,0.4026041846997587,0,0,1
INTERNATIONAL FLAVORS & FRAGRANCES INC.,Basic Materials,0.98538035,0.9934971281389126,0.9934971281389126,0.9959886083183628,0.0010723029003568351,0.9942675041559195,0.9979688657493168,0.0010723029003568351,1,1,2
INTERNATIONAL BUSINESS MACHINES CORPORATION,Technology,0.99740595,0.9974825084674938,0.9974825084674938,0.9976607452910484,0.0011471728571994541,0.9947065242768649,0.998693340797095,0.0011471728571994541,1,1,2
INTERCONTINENTAL EXCHANGE INC.,Financial Services,0.0020033275,0.00384659590599449,0.00384659590599449,0.0020700565780572546,0.0033671222715520757,0.0003354602128001544,0.010728650555677805,0.0033671222715520757,0,0,0
INTEL CORP,Technology,0.9893518,0.9893660503515391,0.9893660503515391,0.9917285880037413,0.006639013202682515,0.9734272937317479,0.9971787333387668,0.006639013202682515,1,1,2
INCYTE GENOMICS INC,Healthcare,0.0017534939,0.006600731883944069,0.006600731883944069,0.003981949637052632,0.0036429854471862456,0.0005337637330115601,0.012067392008098959,0.0036429854471862456,0,0,1
ILLUMINA INC,Healthcare,0.9916903,0.9900528572311865,0.9900528572311865,0.9935849070447726,0.005274712741155701,0.9799602526472049,0.9978542678886879,0.005274712741155701,1,1,3
ILLINOIS TOOL WORKS INC.,Industrials,0.0011836676,0.0013351976089564389,0.0013351976089564389,0.00041118515329671294,0.00014712887226120004,0.00020799439609326016,0.0007389044304022514,0.00014712887226120004,0,0,0
IDEXX LABORATORIES INC,Healthcare,0.0017719183,0.0023308630480402214,0.0023308630480402214,0.0010645018189680137,0.0005056685964381847,0.0004548514261831915,0.0021023222804255047,0.0005056685964381847,0,0,0
IDEX CORPORATION,Industrials,0.0019303582,0.0016959065633866642,0.0016959065633866642,0.0007830090917871704,0.00029069463844338895,0.0004033633628085999,0.0013788356680565009,0.00029069463844338895,0,0,0
HUNTINGTON BANCSHARES INC,Financial Services,0.007862638,0.0050870700833987115,0.0050870700833987115,0.002817219291482831,0.0030772230972307725,0.00042022538584826597,0.010090779367217782,0.0030772230972307725,0,0,1
HUMANA INC.,Healthcare,0.007560571,0.0078086387051318675,0.0078086387051318675,0.006029199708507826,0.006508536331152385,0.0007725660310883809,0.02097484499422978,0.006508536331152385,0,0,1
HUBBELL INCORPORATED,Industrials,0.0016679879,0.0019227367213139285,0.0019227367213139285,0.0005317646424800262,0.00016585956854350237,0.00030684914419578686,0.0008132055749954012,0.00016585956854350237,0,0,0
HP INC.,Technology,0.9968215,0.9970162893633298,0.9970162893633298,0.9969922513316718,0.001638391037475663,0.992656874801925,0.9984092885829834,0.001638391037475663,1,1,2
"HOST HOTELS & RESORTS, INC.",Real Estate,0.9687635,0.9542699465886884,0.9542699465886884,0.7220723590218914,0.37011441091161607,0.02563381901663338,0.9886470671531472,0.37011441091161607,1,1,2
HORMEL FOODS CORPORATION,Consumer Defensive,0.0029553277,0.0034241125797718017,0.0034241125797718017,0.0015825371558799764,0.001040910868918929,0.0005476234943063745,0.0038153295057423314,0.001040910868918929,0,0,1
"HONEYWELL INTERNATIONAL, INC.",Industrials,0.0068649314,0.005303198121795875,0.005303198121795875,0.0022106038532047094,0.0014192071431347296,0.0006590096001972819,0.005519992749586356,0.0014192071431347296,0,0,1
"HOME DEPOT, INC.",Consumer Cyclical,0.9971584,0.9975041548529551,0.9975041548529551,0.9976654826617869,0.0014597749021735714,0.9938612853224044,0.9988867589348918,0.0014597749021735714,1,1,2
HOLOGIC INC,Healthcare,0.0015657987,0.0022409250143484473,0.0022409250143484473,0.0009190461365590171,0.0005065035074919676,0.00032587863903373574,0.0021898690448696983,0.0005065035074919676,0,0,0
HILTON WORLDWIDE HOLDINGS INC.,Consumer Cyclical,0.0020373082,0.0029566241590594376,0.0029566241590594376,0.001174107559813392,0.0004708983419379764,0.0005760917623519921,0.001996211050826215,0.0004708983419379764,0,0,0
HEWLETT PACKARD ENTERPRISE COMPANY,Technology,0.9969312,0.9961744635676727,0.9961744635676727,0.9965432602478707,0.0016551273364971593,0.9936348006413914,0.9985227218412509,0.0016551273364971593,1,1,2
HESS CORPORATION,Energy,0.05264456,0.019306284584290075,0.019306284584290075,0.005952047852170893,0.003690014276328326,0.0017291221507652992,0.012530935665288368,0.003690014276328326,0,0,1
HENRY SCHEIN INC,Healthcare,0.9965738,0.9981053798175391,0.9981053798175391,0.9981089792431938,0.0007563365961936712,0.9960647887226615,0.9988823369844805,0.0007563365961936712,1,1,2
HENRY (JACK) & ASSOCIATES,Technology,0.0016494123,0.0019343004283197361,0.0019343004283197361,0.0005642284328142303,0.0002396629615455201,0.00028684677826152207,0.0010959803165000476,0.0002396629615455201,0,0,0
"HCA HEALTHCARE, INC.",Healthcare,0.008185838,0.006359621807844263,0.006359621807844263,0.0033657259319683852,0.0033012105349958304,0.0005934018451090474,0.011290942943701398,0.0033012105349958304,0,0,1
"HASBRO, INC.",Consumer Cyclical,0.99799323,0.992937608590574,0.992937608590574,0.9946244025165301,0.0028051245009550092,0.988889956882522,0.9980183977974995,0.0028051245009550092,1,1,3
HALLIBURTON COMPANY,Energy,0.0011682793,0.001717946473028361,0.001717946473028361,0.0010144722992731928,0.0009186767118664755,0.0004993713993252204,0.0032429755088340577,0.0009186767118664755,0,0,0
GOLDMAN SACHS GROUP INC.,Financial Services,0.014642484,0.01636168077716338,0.01636168077716338,0.01930579372590431,0.03907954111107982,0.0004286819372811201,0.11887765268694042,0.03907954111107982,0,0,1
GLOBE LIFE INC.,Financial Services,0.013608028,0.011139993500760035,0.011139993500760035,0.0065919357439156445,0.010495185150099779,0.0010332575629837459,0.03517593059854879,0.010495185150099779,0,0,1
"GLOBAL PAYMENTS, INC.",Industrials,0.0011839218,0.0020594277197184007,0.0020594277197184007,0.0005689107869426546,0.00016257052361127588,0.0003015452377718683,0.000870879152041407,0.00016257052361127588,0,0,0
GILEAD SCIENCES INC,Healthcare,0.012167225,0.010743102837864981,0.010743102837864981,0.00439271160426667,0.003213884772948577,0.0008311430100482428,0.011407542494836406,0.003213884772948577,0,0,1
GENUINE PARTS COMPANY,Consumer Cyclical,0.9971609,0.9976897713918231,0.9976897713918231,0.9981073642632297,0.0008032139205162106,0.9962888506471358,0.9990918026355381,0.0008032139205162106,1,1,2
GENERAL MOTORS COMPANY,Consumer Cyclical,0.99199533,0.9904673144017141,0.9904673144017141,0.991097771895222,0.00531839062319573,0.9803823450637831,0.9974531891347285,0.00531839062319573,1,1,3
"GENERAL MILLS, INC.",Consumer Defensive,0.0013219757,0.001634404234781825,0.001634404234781825,0.0007851915622278848,0.0005012093906406517,0.0003151699790934625,0.001893147502046927,0.0005012093906406517,0,0,0
GENERAL ELECTRIC COMPANY,Industrials,0.0043014316,0.005706806055227887,0.005706806055227887,0.0028682816690765744,0.0016514548993257765,0.0012019496265789867,0.006919733052674469,0.0016514548993257765,0,0,1
GENERAL DYNAMICS CORPORATION,Industrials,0.0025438308,0.0032706980601157312,0.0032706980601157312,0.0016141103451768773,0.0008424627766194016,0.000489593655211837,0.0031927396894170816,0.0008424627766194016,0,0,1
GEN DIGITAL INC.,Technology,0.004128916,0.007738346292021436,0.007738346292021436,0.0018352197872222743,0.0012384303342297888,0.0006706065505693094,0.004680771645770391,0.0012384303342297888,0,0,1
"GARTNER, INC.",Technology,0.0011781742,0.0020019983135884573,0.0020019983135884573,0.0013175291378314407,0.00047871709540596577,0.0006484865692584587,0.002467342762715338,0.00047871709540596577,0,0,0
GARMIN LTD,Technology,0.00954256,0.011096996004273232,0.011096996004273232,0.004142730291693508,0.006240781517038016,0.00031757871580905434,0.019228144590882065,0.006240781517038016,0,0,1
FREEPORT-MCMORAN INC.,Basic Materials,0.9937962,0.9899984888158575,0.9899984888158575,0.9863579210109817,0.011348457570549714,0.9603459007498656,0.9968307791244728,0.011348457570549714,1,1,3
"FRANKLIN RESOURCES, INC.",Financial Services,0.0012473239,0.0019209615547348105,0.0019209615547348105,0.0008815123997216953,0.00022008827758977195,0.0005483812503061811,0.001272272906155017,0.00022008827758977195,0,0,0
FORTIVE CORPORATION,Technology,0.004727236,0.003866293807761132,0.003866293807761132,0.004704107679753846,0.006351478971396686,0.001102027516402759,0.02079151938321006,0.006351478971396686,0,0,1
"FORTINET, INC.",Technology,0.0016942339,0.0026300587438235485,0.0026300587438235485,0.0007080064934498432,0.00029470485404307244,0.0003638372233710164,0.001363342606534742,0.00029470485404307244,0,0,0
FORD MOTOR COMPANY,Consumer Cyclical,0.9887615,0.9880139164091729,0.9880139164091729,0.995693256806422,0.0021509071295373705,0.9906085350367952,0.9977547486539803,0.0021509071295373705,1,1,2
FMC CORPORATION,Basic Materials,0.0052582105,0.0035927969567745004,0.0035927969567745004,0.002536455686070548,0.002301747322488537,0.0008146121667893708,0.008437780045612969,0.002301747322488537,0,0,1
"FISERV, INC.",Technology,0.0022086934,0.0023923781180708098,0.0023923781180708098,0.0007355727708170153,0.00039939906800699195,0.0003563613483353614,0.0016687092535553278,0.00039939906800699195,0,0,0
FIRSTENERGY CORP.,Utilities,0.04788731,0.028371565582395352,0.028371565582395352,0.022004040380515132,0.05730963594058332,0.002621411555654112,0.15892057739229776,0.05730963594058332,0,0,1
FIFTH THIRD BANCORP,Financial Services,0.015331018,0.010530774153324337,0.010530774153324337,0.003238793703517511,0.00274745217378034,0.0009188601549573087,0.010192366439486138,0.00274745217378034,0,0,1
"FIDELITY NATIONAL INFORMATION SERVICES, INC.",Technology,0.07487238,0.11927573767903928,0.11927573767903928,0.039042038360543964,0.031378129516242005,0.002278030459035051,0.11184214198388644,0.031378129516242005,0,0,1
FEDEX CORPORATION,Industrials,0.0012545568,0.0029754080620099086,0.0029754080620099086,0.0007621571463432752,0.00035064220627677514,0.00038807998619554634,0.001599166654602487,0.00035064220627677514,0,0,0
FEDERAL REALTY INVESTMENT TRUST,Real Estate,0.9631946,0.9658377413725134,0.9658377413725134,0.801310622254292,0.2958596843836031,0.09277154436351738,0.9908633039775196,0.2958596843836031,1,1,2
FASTENAL CO,Industrials,0.0008474732,0.0015952148758870506,0.0015952148758870506,0.00047840543520083956,0.00014737578062290978,0.00032375632034868044,0.0007838266581180913,0.00014737578062290978,0,0,0
FACTSET RESEARCH SYSTEMS,Financial Services,0.0014799887,0.0019784158008646826,0.0019784158008646826,0.0011330348591457955,0.0005470910089884209,0.00041791261526738066,0.002316467261125097,0.0005470910089884209,0,0,0
"F5, INC.",Technology,0.0027671827,0.003728237941122622,0.003728237941122622,0.0012497038717542018,0.0010039392483098789,0.0004186046295246265,0.003766121605179202,0.0010039392483098789,0,0,0
EXXON MOBIL CORPORATION,Energy,0.002058818,0.003753160283795117,0.003753160283795117,0.002129322329716147,0.0015664670099274779,0.0009681003534032498,0.006589768578340215,0.0015664670099274779,0,0,1
"EXTRA SPACE STORAGE, INC.",Real Estate,0.9533859,0.8625153845686285,0.8625153845686285,0.6181745616507296,0.25065446044730216,0.0691823940786292,0.9390206105490227,0.25065446044730216,1,1,2
"EXPEDITORS INTERNATIONAL OF WASHINGTON, INC.",Industrials,0.002423934,0.004553457808579589,0.004553457808579589,0.0019792610296129652,0.001582456954376323,0.0006068561101604864,0.00605725499825916,0.001582456954376323,0,0,0
"EXPEDIA GROUP, INC.",Consumer Cyclical,0.005362569,0.0023218232959509315,0.0023218232959509315,0.0006584080892800675,0.00021574468407079374,0.00035839139948133257,0.0010772767850478699,0.00021574468407079374,0,0,0
EXELON CORPORATION,Utilities,0.9856156,0.9926512355039809,0.9926512355039809,0.9948325879150071,0.002179771893011749,0.9897145349974754,0.9972153533124015,0.002179771893011749,1,1,2
EVERSOURCE ENERGY,Utilities,0.015087586,0.013438366778019815,0.013438366778019815,0.017744020212508448,0.03153190865715691,0.0017340715021017484,0.10644105554373412,0.03153190865715691,0,0,1
"EVEREST GROUP, LTD.",Financial Services,0.0016698311,0.002868870141686246,0.002868870141686246,0.0010844099808715653,0.0005356622888380417,0.0004704238128780775,0.002182454692096604,0.0005356622888380417,0,0,0
"ESSEX PROPERTY TRUST, INC",Real Estate,0.96662974,0.9440444168193896,0.9440444168193896,0.7775291101480387,0.2668517248704908,0.164253205014338,0.9729518954350969,0.2668517248704908,1,1,2
EQUITY RESIDENTIAL,Real Estate,0.9563389,0.9439157345898997,0.9439157345898997,0.8444198136714436,0.21008453583140874,0.2658235399618569,0.97704991920125,0.21008453583140874,1,1,2
"EQUINIX, INC. REIT",Real Estate,0.9580851,0.9596105438719152,0.9596105438719152,0.6596592931120538,0.3397375615856414,0.045909961465869495,0.9796059273169496,0.3397375615856414,1,1,2
"EQUIFAX, INCORPORATED",Industrials,0.98653096,0.9917353092407489,0.9917353092407489,0.993073956569749,0.004821551770372391,0.9826100911775753,0.9976738523253832,0.004821551770372391,1,1,2
EQT CORP,Energy,0.002265376,0.004675252504364774,0.004675252504364774,0.0020571861536490452,0.001209327771362373,0.0007830973143684785,0.0046877621413926145,0.001209327771362373,0,0,1
"EOG RESOURCES, INC.",Energy,0.0036215135,0.003911831404720385,0.003911831404720385,0.002489427698392828,0.0013002522462110563,0.0009975372609881121,0.005350534250390643,0.0013002522462110563,0,0,1
ENTERGY CORPORATION,Utilities,0.015950916,0.006564519383154278,0.006564519383154278,0.002018718954990387,0.001679728516187667,0.0006309856001855245,0.006301995443191252,0.001679728516187667,0,0,1
EMERSON ELECTRIC CO.,Industrials,0.0040776134,0.002279582234620372,0.002279582234620372,0.0008003736838892141,0.00033343858556468976,0.000410779788370558,0.00159050351282388,0.00033343858556468976,0,0,1
ELI LILLY & CO.,Healthcare,0.001312355,0.0012116967118648405,0.0012116967118648405,0.0005777425500573104,0.0002190176846124401,0.00028767559106440834,0.0009662385207542718,0.0002190176846124401,0,0,0
"ELEVANCE HEALTH, INC.",Healthcare,0.99644923,0.9944263856084863,0.9944263856084863,0.9946379380857625,0.0024848218732222696,0.9904422808131811,0.9980050280807767,0.0024848218732222696,1,1,2
ELECTRONIC ARTS INC,Communication Services,0.99733174,0.9972526082428953,0.9972526082428953,0.9970346477588962,0.0012443819574580355,0.9943633327080664,0.998850164831023,0.0012443819574580355,1,1,2
EDWARDS LIFESCIENCES CORP,Healthcare,0.001748612,0.002177225156610287,0.002177225156610287,0.0006932127109227233,0.0002757032990755104,0.00026396660182061475,0.001313034769696355,0.0002757032990755104,0,0,0
EDISON INTERNATIONAL,Utilities,0.43034276,0.1681472608806248,0.1681472608806248,0.058040253759827985,0.06535841119809356,0.003516541435190765,0.20993887815164766,0.06535841119809356,0,1,2
"ECOLAB, INC.",Basic Materials,0.0009290556,0.002785400714379705,0.002785400714379705,0.0012292467079003608,0.00043501981022296286,0.0006161661718155411,0.002120893656914463,0.00043501981022296286,0,0,0
EBAY INC,Consumer Cyclical,0.002117988,0.0040598587130223915,0.0040598587130223915,0.0014559498407335889,0.0007251378839901952,0.0005648205263436864,0.003231150856867775,0.0007251378839901952,0,0,0
"EATON CORPORATION, PLCS",Industrials,0.0019317688,0.0031072372182960376,0.0031072372182960376,0.0012036611289771152,0.0006094912514929599,0.0004854537637787752,0.0025276616291323053,0.0006094912514929599,0,0,0
"DUPONT DE NEMOURS, INC.",Basic Materials,0.16989604,0.11859901242764208,0.11859901242764208,0.01490379673066273,0.0175256494273666,0.0014065373958872006,0.057856903472091194,0.0175256494273666,0,1,2
DUKE ENERGY CORPORATION,Utilities,0.002164189,0.0035298414354020613,0.0035298414354020613,0.0017849570234129784,0.0020946099357414916,0.00035864614911411917,0.007447898130465206,0.0020946099357414916,0,0,0
DTE ENERGY COMPANY,Utilities,0.0015551917,0.0019332619716616853,0.0019332619716616853,0.000933753249932305,0.00044682278704033464,0.0003646284344934933,0.0018419136144448534,0.00044682278704033464,0,0,0
DOVER CORPORATION,Industrials,0.0012942695,0.002718099451886741,0.002718099451886741,0.001449733982114105,0.0008764502553797873,0.0005266711744467839,0.0034639091050385545,0.0008764502553797873,0,0,0
"DOMINION ENERGY, INC",Utilities,0.009946096,0.014121816410473421,0.014121816410473421,0.0582513680926368,0.13301000791733167,0.0016763715597388185,0.44730032963278765,0.13301000791733167,0,0,1
DOLLAR TREE INC.,Consumer Defensive,0.0013888393,0.0018853257265195762,0.0018853257265195762,0.0007933495116196072,0.0002759097014132277,0.0003334079251275668,0.0012733740249867573,0.0002759097014132277,0,0,0
DOLLAR GENERAL CORP.,Consumer Defensive,0.0023731175,0.002839005305694138,0.002839005305694138,0.0008617876886914854,0.0002708360737888389,0.0004177333121779997,0.0013350395551686904,0.0002708360737888389,0,0,0
DISCOVER FINANCIAL SERVICES,Financial Services,0.0015349173,0.001671134876365318,0.001671134876365318,0.0006737364429908522,0.00019729809776470052,0.00028486086086520145,0.0009817185573853836,0.00019729809776470052,0,0,0
"DIGITAL REALTY TRUST, INC.",Real Estate,0.996182,0.9960063145320383,0.9960063145320383,0.9914522508020669,0.006137292630736622,0.9776237116805662,0.9979499649758095,0.006137292630736622,1,1,2
"DEXCOM, INC.",Healthcare,0.0015409059,0.0024446904149106165,0.0024446904149106165,0.000825078631132572,0.0004414169081690805,0.00041371674818800093,0.0019456534996278765,0.0004414169081690805,0,0,0
DEVON ENERGY CORPORATION,Energy,0.048579365,0.017263646739846285,0.017263646739846285,0.02095061399510858,0.025072944613571704,0.0022838440736078704,0.08265046870710371,0.025072944613571704,0,0,1
"DELTA AIR LINES, INC.",Industrials,0.0017972592,0.0019203079956325378,0.0019203079956325378,0.0007284553433085415,0.00026294153905795836,0.0004168335214837356,0.0013250983537457022,0.00026294153905795836,0,0,0
DEERE & COMPANY,Industrials,0.0012159304,0.0019050464127195054,0.0019050464127195054,0.0005190341680521427,0.00017156687158421203,0.0002704063677445009,0.00090559615587556,0.00017156687158421203,0,0,0
DANAHER CORPORATION,Healthcare,0.9968438,0.9975274201457268,0.9975274201457268,0.9977541487768962,0.0012970992837049529,0.9942705251710483,0.9988926571501685,0.0012970992837049529,1,1,2
D.R. HORTON INC.,Consumer Cyclical,0.00087603636,0.0015773256063998794,0.0015773256063998794,0.0006097977223845188,0.00020705072679481017,0.00035682905049819235,0.0009557508981537841,0.00020705072679481017,0,0,0
CVS HEALTH CORPORATION,Healthcare,0.98671895,0.9909456632540089,0.9909456632540089,0.9923390762674209,0.00483483373979751,0.9806745114495905,0.9965731378604694,0.00483483373979751,1,1,2
CUMMINS INC.,Industrials,0.0014590945,0.002909913336204191,0.002909913336204191,0.0007058827508250847,0.00018748988209501475,0.0003161675410184937,0.0010411468070129128,0.00018748988209501475,0,0,0
CSX CORPORATION,Industrials,0.005976074,0.005987616368977136,0.005987616368977136,0.001401298244150559,0.0006161919190005585,0.0004431005042155804,0.0026049665809275025,0.0006161919190005585,0,0,1
CROWN CASTLE INC.,Real Estate,0.9984518,0.9863792157082082,0.9863792157082082,0.9779813353333523,0.020915828840202707,0.928373895767499,0.993695415485082,0.020915828840202707,1,1,3
COTERRA ENERGY INC.,Energy,0.0343163,0.013428703285813496,0.013428703285813496,0.01745303872709978,0.022789094656320934,0.0025557955754994983,0.07462665288141596,0.022789094656320934,0,0,1
COSTCO WHOLESALE CORP,Consumer Defensive,0.98331153,0.993382662347708,0.993382662347708,0.9956571834149244,0.002068294796472522,0.9910466066350447,0.9979440089385634,0.002068294796472522,1,1,2
COSTAR GROUP INC,Real Estate,0.0022857136,0.005093164573119417,0.005093164573119417,0.008919271240160653,0.017629316333373838,0.0006511022672817941,0.05862956835714396,0.017629316333373838,0,0,0
CORNING INCORPORATED,Technology,0.013174503,0.01808463124464679,0.01808463124464679,0.005896569616499232,0.007695925957835357,0.0017753379164037236,0.024530736488799006,0.007695925957835357,0,0,1
COPART INC,Industrials,0.011598767,0.007174678452643533,0.007174678452643533,0.0024830228340029198,0.001606529124886175,0.0005057832089442731,0.00531837673580609,0.001606529124886175,0,0,1
"CONSTELLATION BRANDS, INC.",Consumer Defensive,0.00090455706,0.001215019915810522,0.001215019915810522,0.0005122922476865732,0.00020020279773421372,0.00029565366137003567,0.0009047467834688276,0.00020020279773421372,0,0,0
"CONSOLIDATED EDISON, INC.",Utilities,0.9893992,0.9527049142117981,0.9527049142117981,0.9486442170520825,0.04278605293642414,0.8447904338828133,0.9903008067077366,0.04278605293642414,1,1,3
CONOCOPHILLIPS,Energy,0.001619783,0.0022137014980428238,0.0022137014980428238,0.0010139950147388982,0.0005964261589914903,0.0005357742255454958,0.0025197186798864017,0.0005964261589914903,0,0,0
"CONAGRA BRANDS, INC.",Consumer Defensive,0.001984432,0.0018781059592250188,0.0018781059592250188,0.00080868418534522,0.0003158547322024067,0.0003757846434582186,0.0014264459209269022,0.0003158547322024067,0,0,0
COMERICA INCORPORATED,Financial Services,0.0014456221,0.0012896583025541624,0.0012896583025541624,0.0005566409158428386,0.0002685848693317043,0.000270516662587909,0.0012384067262084806,0.0002685848693317043,0,0,0
COMCAST CORP,Communication Services,0.02146709,0.02431995259834737,0.02431995259834737,0.014358304113550737,0.024785128690626764,0.0019350684940385987,0.07491935972476539,0.024785128690626764,0,0,1
COLGATE-PALMOLIVE COMPANY,Consumer Defensive,0.0010488918,0.0012712320739269197,0.0012712320739269197,0.00043199568644088483,0.0001965092453133568,0.00023547716309610907,0.0009064144015779788,0.0001965092453133568,0,0,0
COGNIZANT TECHNOLOGY SOLUTIONS,Technology,0.99673694,0.9930871470674686,0.9930871470674686,0.9945485571961076,0.0027291211364937314,0.988045337596498,0.998448414039461,0.0027291211364937314,1,1,2
COCA-COLA COMPANY,Consumer Defensive,0.9829412,0.991566110008981,0.991566110008981,0.9957781476754816,0.0018952762839331088,0.9921012820763713,0.9979976677122164,0.0018952762839331088,1,1,2
CMS ENERGY CORPORATION,Utilities,0.0013405419,0.0027705337071997557,0.0027705337071997557,0.004004047662692635,0.005640237883676654,0.0006826172388203166,0.01830179334769548,0.005640237883676654,0,0,0
CME GROUP INC.,Financial Services,0.0015021424,0.0030105870066358073,0.0030105870066358073,0.0009147918916032774,0.00044930036257895327,0.000443866599234613,0.001969819393241181,0.00044930036257895327,0,0,0
CLOROX COMPANY,Consumer Defensive,0.0014498574,0.0017441938063199524,0.0017441938063199524,0.0008754844052332383,0.0006083969026592197,0.00038392197805716847,0.0023416635615469594,0.0006083969026592197,0,0,0
"CITIZENS FINANCIAL GROUP, INC.",Financial Services,0.001283932,0.001550578813856718,0.001550578813856718,0.000637291218220686,0.00024383734736194493,0.00034053243977238897,0.0011492871965917324,0.00024383734736194493,0,0,0
CITIGROUP INC.,Financial Services,0.9957283,0.9917311007167107,0.9917311007167107,0.9871510558170096,0.01137870138103379,0.9603639214851323,0.9974642531440844,0.01137870138103379,1,1,3
"CISCO SYSTEMS, INC.",Technology,0.99725574,0.9969011136985985,0.9969011136985985,0.9977412162053287,0.0013792445016920388,0.9946150669457497,0.9989147797407962,0.0013792445016920388,1,1,2
CINTAS CORP,Industrials,0.0016176893,0.003185445328160198,0.003185445328160198,0.0006868972107244015,0.00023826454276789253,0.000295819507020972,0.0011105467853073784,0.00023826454276789253,0,0,0
CINCINNATI FINANCIAL CORP,Financial Services,0.0013576256,0.0017320506186132665,0.0017320506186132665,0.0009845099387550238,0.00047362132266932157,0.00046142456644525517,0.002040560156633169,0.00047362132266932157,0,0,0
"CHURCH & DWIGHT CO., INC.",Consumer Defensive,0.0017389975,0.006408363390134487,0.006408363390134487,0.001525877995370458,0.0009051567719041072,0.0008117202566717348,0.003766505554743356,0.0009051567719041072,0,0,1
CHUBB LIMITED,Financial Services,0.0016632085,0.0016749906640636369,0.0016749906640636369,0.000820217554812791,0.00032608176539777986,0.00042390981695734036,0.0015385895205939583,0.00032608176539777986,0,0,0
"CHIPOTLE MEXICAN GRILL, INC.",Consumer Cyclical,0.0011216754,0.0013447800757209697,0.0013447800757209697,0.0007275151060037973,0.00048520461979330813,0.00026985780572774535,0.0020196075397508843,0.00048520461979330813,0,0,0
CHEVRON CORPORATION,Energy,0.0020729613,0.006319425533193276,0.006319425533193276,0.002199323601231374,0.0017151638891789126,0.0008030691134586081,0.006325585668102583,0.0017151638891789126,0,0,1
CHARTER COMM INC DEL CL A,Communication Services,0.011002582,0.009693735247201874,0.009693735247201874,0.00259560972119301,0.0018022582474086554,0.0004983398988298104,0.00710325855314137,0.0018022582474086554,0,0,1
"CF INDUSTRIES HOLDING, INC.",Basic Materials,0.0033624072,0.0027832005947264126,0.0027832005947264126,0.0018211581783948321,0.0012762478074230903,0.000600463739285467,0.004929569940869657,0.0012762478074230903,0,0,1
"CENTERPOINT ENERGY, INC.",Utilities,0.0526012,0.022231034841393386,0.022231034841393386,0.006074667824339951,0.008878111098117208,0.0007937915541733064,0.028748528030955442,0.008878111098117208,0,0,1
CENTENE CORPORATION,Healthcare,0.001020972,0.002103827879374755,0.002103827879374755,0.0009350239646426222,0.0002716184557480325,0.0005273926562476872,0.0014863893012046104,0.0002716184557480325,0,0,0
"CENCORA, INC.",Healthcare,0.9968264,0.9959439664283226,0.9959439664283226,0.9962610152144127,0.0019103315143294474,0.9920550818205739,0.9982675004923532,0.0019103315143294474,1,1,3
CELANESE CORPORATION,Basic Materials,0.0006944918,0.001814205438714313,0.001814205438714313,0.0006965966260057013,0.00023929414360272406,0.0003235840844639844,0.001169720221345017,0.00023929414360272406,0,0,0
CDW CORPORATION,Technology,0.99659985,0.9900709019301692,0.9900709019301692,0.9939188711850772,0.003339287544862025,0.9874063295630746,0.99764917556228,0.003339287544862025,1,1,2
"CBRE GROUP, INC.",Real Estate,0.9091169,0.933682726739174,0.933682726739174,0.6925164472972045,0.35084427940260676,0.06113234133713054,0.98815639978615,0.35084427940260676,1,1,2
"CBOE GLOBAL MARKETS, INC.",Financial Services,0.0018735076,0.002802465938655388,0.002802465938655388,0.0007244064445769007,0.0002467583859700549,0.000398682060170947,0.0011530315599386173,0.0002467583859700549,0,0,0
CATERPILLAR INC.,Industrials,0.015154244,0.011083831640342807,0.011083831640342807,0.006605238046052749,0.009377368736387087,0.0012202080207750021,0.029839786771633008,0.009377368736387087,0,0,1
CARNIVAL CORPORATION,Consumer Cyclical,0.8683188,0.9473510558670077,0.9473510558670077,0.7812873162797738,0.30935423937205075,0.07265341083848556,0.9890127317331584,0.30935423937205075,1,1,2
CARMAX INC.,Consumer Cyclical,0.995465,0.9957778298187453,0.9957778298187453,0.996053274796077,0.0016884388009432304,0.9922819051603915,0.9984460077739289,0.0016884388009432304,1,1,2
"CARDINAL HEALTH, INC.",Healthcare,0.9969422,0.9969388315689336,0.9969388315689336,0.9962187442841515,0.0029489925298727946,0.9876840566399683,0.9983019531109454,0.0029489925298727946,1,1,3
CAPITAL ONE FINANCIAL,Financial Services,0.99049836,0.9902274789678133,0.9902274789678133,0.9936470669862686,0.004036523875442287,0.9847031953713797,0.9982168218822951,0.004036523875442287,1,1,3
CAMPBELL SOUP COMPANY,Consumer Defensive,0.0009350945,0.0010584180015859083,0.0010584180015859083,0.00044334221807995524,0.00018402582164189245,0.00024202763990205956,0.000867646900857623,0.00018402582164189245,0,0,0
CAMDEN PROPERTY TRUST,Real Estate,0.9134672,0.9472772290849681,0.9472772290849681,0.736603471590983,0.3291257731561671,0.11496717339030785,0.9891232824059507,0.3291257731561671,1,1,2
CADENCE DESIGN SYSTEMS,Technology,0.9974968,0.9970927446967633,0.9970927446967633,0.9979256708256081,0.0010745103965074288,0.9953806389576623,0.9989014451537199,0.0010745103965074288,1,1,2
"C.H. ROBINSON WORLDWIDE, INC.",Industrials,0.011886336,0.008944499001307496,0.008944499001307496,0.0019520966809308759,0.0016674009299436838,0.0003546406714529327,0.0060001867188913425,0.0016674009299436838,0,0,1
BUNGE GLOBAL SA,Consumer Defensive,0.0023340108,0.003122954679115424,0.003122954679115424,0.0019413826006026424,0.0013363895906680144,0.0006428609698662652,0.005341391210688946,0.0013363895906680144,0,0,1
"BROWN & BROWN, INC.",Financial Services,0.0010668697,0.0014919245707209969,0.0014919245707209969,0.001028146191118728,0.0005860187658498688,0.0004144038783752091,0.0025968589393586205,0.0005860187658498688,0,0,0
BROADRIDGE FINANCIAL SOLUTIONS INC,Technology,0.003121661,0.0047175662778252475,0.0047175662778252475,0.0022225919317426196,0.0013933600194005647,0.0006886688125965429,0.005171145212233515,0.0013933600194005647,0,0,0
BROADCOM INC.,Technology,0.9851188,0.9911046580930438,0.9911046580930438,0.9947280225414745,0.0025090222618416617,0.988556922650091,0.9973892034681796,0.0025090222618416617,1,1,2
BRISTOL-MYERS SQUIBB CO.,Healthcare,0.0013544126,0.0018456324433726776,0.0018456324433726776,0.000799978438305497,0.0002927877184755766,0.0003717256995510295,0.0012188048875621381,0.0002927877184755766,0,0,0
BOSTON SCIENTIFIC CORP.,Healthcare,0.001649151,0.0016361347000991289,0.0016361347000991289,0.0006468626366621887,0.000275916394799151,0.00029802823422773897,0.0012229402251935774,0.000275916394799151,0,0,0
"BOSTON PROPERTIES, INC.",Real Estate,0.9063269,0.8838625683813149,0.8838625683813149,0.592317150827572,0.3337516366635603,0.03246528062859853,0.9481709883559236,0.3337516366635603,1,1,2
BORGWARNER INC.,Consumer Cyclical,0.9970041,0.9971372776859928,0.9971372776859928,0.9977256758903896,0.0013579908135890337,0.994393243553531,0.9989272150486291,0.0013579908135890337,1,1,2
BOOKING HOLDINGS INC.,Consumer Cyclical,0.988069,0.99313602455987,0.99313602455987,0.9962966412037877,0.0015801378111939416,0.9930940023556833,0.9983992012555075,0.0015801378111939416,1,1,2
BOEING COMPANY,Industrials,0.007681895,0.01112663419674993,0.01112663419674993,0.010807441884410103,0.012332120448998528,0.0010156888781834583,0.03748014040860556,0.012332120448998528,0,0,1
BLACKSTONE INC.,Financial Services,0.0014653074,0.0018410640766026456,0.0018410640766026456,0.0007406508744143061,0.0003243291696389784,0.00033136492885106275,0.0013995383938561327,0.0003243291696389784,0,0,0
"BLACKROCK, INC.",Financial Services,0.0027884077,0.002897973747180358,0.002897973747180358,0.001828273559190233,0.001002250288754806,0.0007293179983260144,0.0042889252625095044,0.001002250288754806,0,0,0
BIOGEN INC.,Healthcare,0.98614997,0.992148515032845,0.992148515032845,0.9958515905725545,0.0030271943033378817,0.9876969087794956,0.9981788780560757,0.0030271943033378817,1,1,2
"BIO-RAD LABORATORIES, INC.CLASS A",Healthcare,0.0010495075,0.0020903713708311676,0.0020903713708311676,0.0008402601186519023,0.00028035044965083464,0.0004509547989397542,0.0013856629749358484,0.00028035044965083464,0,0,0
"BEST BUY COMPANY, INC.",Consumer Cyclical,0.9953649,0.9634246081766934,0.9634246081766934,0.8075439487124274,0.28145313123616517,0.10877310798207351,0.9941265360712439,0.28145313123616517,1,1,2
BERKSHIRE HATHAWAY CLASS B,Financial Services,0.031359382,0.04894412128573899,0.04894412128573899,0.011662659984247644,0.01098173689433037,0.0009514337989128901,0.03643389870769904,0.01098173689433037,0,0,1
"BECTON, DICKINSON AND CO.",Healthcare,0.98668146,0.9821394422102799,0.9821394422102799,0.9891096953213296,0.01243294533207526,0.957153157888442,0.9972901719978848,0.01243294533207526,1,1,2
BAXTER INTERNATIONAL INC.,Healthcare,0.9909608,0.9835872866887139,0.9835872866887139,0.9804490870532708,0.01927704003188169,0.9265405557148377,0.9937621302204255,0.01927704003188169,1,1,3
"BATH & BODY WORKS, INC.",Consumer Cyclical,0.0023906208,0.0018325888592611427,0.0018325888592611427,0.0008495368325991957,0.0002973596798689392,0.0004504764898255922,0.0014011418359179309,0.0002973596798689392,0,0,0
BANK OF NEW YORK MELLON CORPORATION,Financial Services,0.015259817,0.011539449722757075,0.011539449722757075,0.009323668212982405,0.022800801238836755,0.0005327508228253899,0.06752445661964498,0.022800801238836755,0,0,1
BANK OF AMERICA CORPORATION,Financial Services,0.8976783,0.9074888164023869,0.9074888164023869,0.5348851690804886,0.48110314453294967,0.0008055887182925818,0.9841227491739527,0.48110314453294967,1,1,2
BALL CORPORATION,Consumer Cyclical,0.99068475,0.9921072259289443,0.9921072259289443,0.9897747140612984,0.012683276277654126,0.9586219545992238,0.9976145265366054,0.012683276277654126,1,1,2
AVERY DENNISON CORP.,Consumer Cyclical,0.008925103,0.011290326618850509,0.011290326618850509,0.009993480415521621,0.010775181681222585,0.0017800736303539308,0.03747174368260844,0.010775181681222585,0,0,1
"AVALONBAY COMMUNITIES, INC.",Real Estate,0.9849631,0.969181864982271,0.969181864982271,0.8645285315941944,0.2268061354676386,0.29556832789079623,0.9920754240475629,0.2268061354676386,1,1,2
"AUTOZONE, INC.",Consumer Cyclical,0.99714893,0.9970753116309943,0.9970753116309943,0.9970492832516298,0.0016350655229597619,0.9933371582370177,0.9986158672536104,0.0016350655229597619,1,1,2
AUTOMATIC DATA PROCESSING,Industrials,0.017122738,0.015016214274180721,0.015016214274180721,0.015965394824092805,0.02115643683532596,0.003821706097724707,0.06816030705659155,0.02115643683532596,0,0,1
AUTODESK INC,Technology,0.0025597615,0.004215918342935428,0.004215918342935428,0.0013446849432325765,0.0007795591172905606,0.0005401717042067659,0.003144578022758579,0.0007795591172905606,0,0,0
ATMOS ENERGY CORPORATION,Utilities,0.034776367,0.015990330487086767,0.015990330487086767,0.009437462558451888,0.01598218875902609,0.0009645412955028997,0.05154850986487595,0.01598218875902609,0,0,1
AT&T INC.,Communication Services,0.9881926,0.9747750561650073,0.9747750561650073,0.987549778674229,0.009013770777193612,0.9677676131893659,0.9974111454061009,0.009013770777193612,1,1,2
"ASSURANT, INC.",Financial Services,0.0014000455,0.0012624274290554888,0.0012624274290554888,0.0007413274207296308,0.00022545135309207288,0.0004247708453245827,0.0011151911976347894,0.00022545135309207288,0,0,0
ARTHUR J. GALLAGHER & CO.,Financial Services,0.0014444614,0.0019643475047629437,0.0019643475047629437,0.0008603385552290822,0.0005530075848592168,0.000425886482221198,0.002237153509223832,0.0005530075848592168,0,0,0
ARISTA NETWORKS,Technology,0.0016778231,0.004031518976854979,0.004031518976854979,0.001059398826460474,0.00045804860955631494,0.0004684741826842552,0.001917397688909563,0.00045804860955631494,0,0,1
ARCHER DANIELS MIDLAND COMPANY,Consumer Defensive,0.003815119,0.01219732730513154,0.01219732730513154,0.004179696526272089,0.0033558322088605985,0.001186544256704348,0.012282207861984414,0.0033558322088605985,0,0,1
ARCH CAPITAL GROUP LTD,Financial Services,0.0015377378,0.0017370207499243376,0.0017370207499243376,0.0012332127680571043,0.000914347254931742,0.0004855894131905251,0.0037208417878116804,0.000914347254931742,0,0,0
APTIV PLC,Consumer Cyclical,0.027675051,0.019187225968757028,0.019187225968757028,0.036785537661907675,0.07184210199814334,0.004762253198851845,0.24804264461943476,0.07184210199814334,0,0,1
APPLIED MATERIALS INC,Technology,0.9290928,0.9570593613325343,0.9570593613325343,0.6330417041289076,0.42263681673788156,0.0034962174615139536,0.986558947621955,0.42263681673788156,1,1,2
APPLE INC.,Technology,0.98771256,0.9926287273557829,0.9926287273557829,0.9956680943480457,0.002265326371269847,0.9907047007571914,0.9983528681286873,0.002265326371269847,1,1,2
APA CORPORATION,Energy,0.0021018821,0.002231524285977404,0.002231524285977404,0.0018450612188423757,0.0008024550339155869,0.0007308333153900518,0.0035332805130882505,0.0008024550339155869,0,0,0
ANSYS INC,Technology,0.985865,0.8922888448032167,0.8922888448032167,0.7462629762477543,0.28509558805285257,0.04498973106062221,0.9810209323825178,0.28509558805285257,1,0,1
"ANALOG DEVICES, INC.",Technology,0.001670608,0.0021521667084956147,0.0021521667084956147,0.0007906040330044703,0.00031975720027772945,0.00040021778761295047,0.0014777577906086243,0.00031975720027772945,0,0,0
AMPHENOL CORPORATION,Technology,0.0021406452,0.0025773258721421733,0.0025773258721421733,0.0011172366662068754,0.00037591743927885903,0.0005145126514626883,0.0018356793312330976,0.00037591743927885903,0,0,0
AMGEN INC,Healthcare,0.9863446,0.9915527313363909,0.9915527313363909,0.9963206745404977,0.0019279010097162806,0.9924057813873234,0.9983731802501653,0.0019279010097162806,1,1,2
"AMETEK, INC.",Industrials,0.0022386229,0.0034584864851053476,0.0034584864851053476,0.0009839655085004473,0.0005632529244881153,0.00044370845009109044,0.0022705310085293683,0.0005632529244881153,0,0,0
"AMERIPRISE FINANCIAL, INC.",Financial Services,0.0017081113,0.0021214608763755302,0.0021214608763755302,0.0006702345510351778,0.0002511178641411662,0.000369864238534976,0.001203231512845231,0.0002511178641411662,0,0,0
"AMERICAN WATER WORKS COMPANY, INC",Utilities,0.06499056,0.0878511972101507,0.0878511972101507,0.09229981370792602,0.11520433075004355,0.003102927185949176,0.3572097386155566,0.11520433075004355,0,0,1
AMERICAN TOWER CORPORATION,Real Estate,0.97192353,0.9051196758848808,0.9051196758848808,0.7880536319508529,0.2360790963278927,0.20702719138256961,0.9666611187691045,0.2360790963278927,1,1,2
"AMERICAN INTERNATIONAL GROUP, INC.",Financial Services,0.0014772788,0.0013861309071850174,0.0013861309071850174,0.0007647254908432178,0.0004555915603975141,0.0003739231324027367,0.001968080498247389,0.0004555915603975141,0,0,0
AMERICAN EXPRESS COMPANY,Financial Services,0.00226855,0.002053458164490799,0.002053458164490799,0.0009117291763877397,0.00025755028020261404,0.0005160738640875743,0.00133842919060865,0.00025755028020261404,0,0,0
"AMERICAN ELECTRIC POWER COMPANY, INC.",Utilities,0.000883425,0.0016417767412695353,0.0016417767412695353,0.0011040059102852568,0.0008199111926579447,0.0004778964174191069,0.0032892745200357016,0.0008199111926579447,0,0,0
AMERICAN AIRLINES GROUP INC.,Industrials,0.00090028625,0.0014349628568457104,0.0014349628568457104,0.0008051289666142888,0.00043070441081668955,0.0003841508529302642,0.0018312845216134984,0.00043070441081668955,0,0,0
AMEREN CORPORATION,Utilities,0.0021306775,0.0028890185064246445,0.0028890185064246445,0.0015141624350226818,0.0015927454067999447,0.0004080858908636818,0.005902388413229517,0.0015927454067999447,0,0,0
AMAZON.COM INC,Consumer Cyclical,0.0027933007,0.005962049099516476,0.005962049099516476,0.00182430798037518,0.0008549946082831193,0.0007623275132996344,0.0034008946195462717,0.0008549946082831193,0,0,1
"ALTRIA GROUP, INC.",Consumer Defensive,0.002390697,0.002867516880568338,0.002867516880568338,0.001916644734839916,0.0017814479482362565,0.0007012662396725651,0.006612317684725802,0.0017814479482362565,0,0,1
ALPHABET INC. CLASS A,Communication Services,0.99381787,0.9882500265993366,0.9882500265993366,0.9905829663811427,0.009400389801959688,0.9670468593318648,0.9974782900913064,0.009400389801959688,1,1,4
ALLIANT ENERGY CORPORATION,Utilities,0.0011448904,0.002450094428787927,0.002450094428787927,0.0011851602752339255,0.0007421398222350759,0.0006144963516548521,0.003082812483686679,0.0007421398222350759,0,0,0
ALLEGION PUBLIC LIMITED COMPANY,Industrials,0.00094960607,0.0020237038955423217,0.0020237038955423217,0.0006801867309385591,0.00043088724136832574,0.000301698905641703,0.001680856858385705,0.00043088724136832574,0,0,0
"ALEXANDRIA REAL ESTATE EQUITIES, INC.",Real Estate,0.99835783,0.9881736322306711,0.9881736322306711,0.9809678687148997,0.00887583952391289,0.9604578377546353,0.9901148839502186,0.00887583952391289,1,1,3
ALBEMARLE CORPORATION,Basic Materials,0.00082920905,0.002507008725116822,0.002507008725116822,0.0012209477908081536,0.00046616445682103166,0.0005865635838740983,0.0022245687716379034,0.00046616445682103166,0,0,0
AKAMAI TECHNOLOGIES INC,Technology,0.0020574871,0.0032342156992194015,0.0032342156992194015,0.001071406557856786,0.0003828996292099034,0.00039385940254170004,0.0016848440275698004,0.0003828996292099034,0,0,0
"AIR PRODUCTS & CHEMICALS, INC.",Basic Materials,0.015762493,0.027596445090694827,0.027596445090694827,0.05465827610124326,0.0657791258661731,0.00414008298915217,0.21527485438094637,0.0657791258661731,0,0,1
AGILENT TECHNOLOGIES INC.,Healthcare,0.9966524,0.9978485822391285,0.9978485822391285,0.9973148379226249,0.0016858346861940076,0.9932709941631181,0.9986305927204782,0.0016858346861940076,1,1,2
AFLAC INC.,Financial Services,0.06976249,0.04582380062573615,0.04582380062573615,0.013998812760648197,0.017305740535648616,0.0012905316620873714,0.05475053146733533,0.017305740535648616,0,0,1
AES CORPORATION,Utilities,0.021908475,0.006576343850784426,0.006576343850784426,0.0022203924480198632,0.001801962998682482,0.0007188812107839645,0.006573777080032245,0.001801962998682482,0,0,1
ADOBE INC.,Technology,0.99736446,0.9978795623189731,0.9978795623189731,0.9976104182475275,0.002115667697665824,0.992315978157442,0.9991039340133786,0.002115667697665824,1,1,2
ACCENTURE PLC,Technology,0.9969235,0.9956376132590838,0.9956376132590838,0.9967703617296824,0.0016266984881814657,0.9927575846454687,0.9985456977868006,0.0016266984881814657,1,1,2
ABBVIE INC.,Healthcare,0.0086573865,0.014076177208807116,0.014076177208807116,0.005670086380805473,0.004692368622660422,0.001029369433256353,0.017243893103747486,0.004692368622660422,0,0,1
ABBOTT LABORATORIES,Healthcare,0.03234943,0.02704375141622214,0.02704375141622214,0.12529625806113462,0.22705922369485354,0.004642706196027773,0.701690239669952,0.22705922369485354,0,0,1
A.O. SMITH CORPORATION,Industrials,0.0013645601,0.001967440680789192,0.001967440680789192,0.0010160925446738081,0.0008545685459966863,0.00037537027747826246,0.003465137574330068,0.0008545685459966863,0,0,0
3M COMPANY,Industrials,0.9918465,0.9889507838549229,0.9889507838549229,0.9810554370847827,0.02156756332240928,0.9212882283729628,0.9972034649984313,0.02156756332240928,1,1,3
ADANI ENTERPRISES LTD.,Energy,0.9528154,0.9386981103150063,0.9386981103150063,0.6263299187465913,0.3710730700566556,0.06766428178331121,0.9881831856316666,0.3710730700566556,1,1,2
ADANI PORTS AND SPECIAL ECONOMIC ZONE LTD.,Industrials,0.99635184,0.9917019161829167,0.9917019161829167,0.9940292543932424,0.004171771518936262,0.9833919320871207,0.9977830766019427,0.004171771518936262,1,1,4
APOLLO HOSPITALS ENTERPRISE LTD.,Healthcare,0.0014590312,0.0011097587086886826,0.0011097587086886826,0.0006404412965285802,0.0002506496351714717,0.0003143750210096853,0.001154444595502528,0.0002506496351714717,0,0,0
ASIAN PAINTS LTD.,Basic Materials,0.001608782,0.002786914554278124,0.002786914554278124,0.0009504772790036529,0.0003792484529714537,0.0004952945519777678,0.0018523000299615476,0.0003792484529714537,0,0,0
AXIS BANK LTD.,Financial Services,0.91424996,0.9329549765098077,0.9329549765098077,0.8952297956946886,0.17465522736015296,0.38684823689517933,0.9927070680168726,0.17465522736015296,1,1,2
BAJAJ AUTO LTD.,Consumer Cyclical,0.0016663022,0.003605908633130902,0.003605908633130902,0.001248216548430223,0.0006301623077880661,0.00041438574316742227,0.002425077664346834,0.0006301623077880661,0,0,0
BAJAJ FINANCE LTD.,Financial Services,0.0022138057,0.0019342957624911045,0.0019342957624911045,0.0006763897006646263,0.00024701273640374973,0.00038719140492692565,0.0012365424794813682,0.00024701273640374973,0,0,0
BAJAJ FINSERV LTD.,Financial Services,0.002441867,0.0022782662338942847,0.0022782662338942847,0.0009066920385452775,0.00045761603121564453,0.0004688575163250357,0.0019976289399113688,0.00045761603121564453,0,0,1
BHARAT PETROLEUM CORPORATION LTD.,Energy,0.007420175,0.0025111900697373925,0.0025111900697373925,0.0011600110646014451,0.00046122807023205796,0.0005441833517104239,0.0019432470285117868,0.00046122807023205796,0,0,0
BHARTI AIRTEL LTD.,Communication Services,0.9952442,0.9908334584550208,0.9908334584550208,0.9936410405562179,0.006503565941929189,0.977122597347893,0.9983420662326166,0.006503565941929189,1,1,3
BRITANNIA INDUSTRIES LTD.,Consumer Defensive,0.066089794,0.03755138851986213,0.03755138851986213,0.009489689985450035,0.0105891344914133,0.0010494761852750702,0.0371558692178892,0.0105891344914133,0,0,1
CIPLA LTD.,Healthcare,0.006271058,0.0018687410945231447,0.0018687410945231447,0.0008093309279807309,0.00024628749258284033,0.0004196874679782044,0.001291023829988742,0.00024628749258284033,0,0,0
COAL INDIA LTD.,Energy,0.011649551,0.004169827666019574,0.004169827666019574,0.002232455898512805,0.0013886127380977212,0.0008836418471295406,0.00473050712817629,0.0013886127380977212,0,0,0
DIVI'S LABORATORIES LTD.,Healthcare,0.00981273,0.005850885362150844,0.005850885362150844,0.0025227830371052267,0.0014783247980494376,0.0008426600092192735,0.005868272239896729,0.0014783247980494376,0,0,1
DR. REDDY'S LABORATORIES LTD.,Healthcare,0.00496492,0.005341883320401334,0.005341883320401334,0.0018705763354136048,0.0009764265174297739,0.0007174925730359068,0.004037452506364578,0.0009764265174297739,0,0,1
EICHER MOTORS LTD.,Consumer Cyclical,0.9960957,0.9962483756344688,0.9962483756344688,0.9951573912218574,0.0035708869659541527,0.9865831451856563,0.9988149580101273,0.0035708869659541527,1,1,2
GRASIM INDUSTRIES LTD.,Basic Materials,0.0077119158,0.0050374295309292775,0.0050374295309292775,0.0025524387992364632,0.0038072686773719102,0.0007112470195462749,0.011837890665689861,0.0038072686773719102,0,0,0
HCL TECHNOLOGIES LTD.,Technology,0.99682283,0.9970843346786816,0.9970843346786816,0.9973759848163862,0.0011994514915403486,0.994213539572664,0.9985267990621186,0.0011994514915403486,1,1,2
HDFC BANK LTD.,Financial Services,0.008704437,0.0029570779792085613,0.0029570779792085613,0.0015053179221421729,0.0009072923857268991,0.0004886344342045861,0.003534178444264106,0.0009072923857268991,0,0,0
HDFC LIFE INSURANCE COMPANY LTD.,Financial Services,0.0025185214,0.003312986398810279,0.003312986398810279,0.0013367490333645146,0.0011182819778641673,0.00045638198405373624,0.00426587703436467,0.0011182819778641673,0,0,0
HERO MOTOCORP LTD.,Consumer Cyclical,0.99710375,0.9932270952407913,0.9932270952407913,0.9908743806868434,0.009200190712027044,0.9664555499264483,0.9976900755072294,0.009200190712027044,1,1,2
HINDALCO INDUSTRIES LTD.,Basic Materials,0.010068895,0.00810581121967997,0.00810581121967997,0.0020796964055025888,0.0009726919558268898,0.000792093569648459,0.003757034097715946,0.0009726919558268898,0,0,1
HINDUSTAN UNILEVER LTD.,Consumer Defensive,0.0013769973,0.0017835530256269793,0.0017835530256269793,0.0007055742155407296,0.0003775600767051551,0.0003347366790107541,0.0016099000237892792,0.0003775600767051551,0,0,0
ICICI BANK LTD.,Financial Services,0.98931867,0.8192331874090002,0.8192331874090002,0.9651866243439826,0.02790548410556589,0.8945409631623971,0.9918794839039003,0.02790548410556589,1,1,2
ITC LTD.,Consumer Defensive,0.0053848,0.002455213932320104,0.002455213932320104,0.0008419564568013287,0.00032495729033627793,0.0004397624993571594,0.0015459371834335982,0.00032495729033627793,0,0,0
INDUSIND BANK LTD.,Financial Services,0.0074615474,0.002383985644315844,0.002383985644315844,0.0011927637877578066,0.0006295423646333323,0.0003997544628819701,0.002408547220121431,0.0006295423646333323,0,0,0
INFOSYS LTD.,Technology,0.9965237,0.9962033035328473,0.9962033035328473,0.9963441633043933,0.0019720229202075646,0.9909435860800685,0.9982309865259085,0.0019720229202075646,1,1,2
JSW STEEL LTD.,Basic Materials,0.008171044,0.005509243665092658,0.005509243665092658,0.002669916662101404,0.0018207214353739849,0.0009633463698716014,0.0067412644306845265,0.0018207214353739849,0,0,1
KOTAK MAHINDRA BANK LTD.,Financial Services,0.002062674,0.002118666972436055,0.002118666972436055,0.0007656796668131757,0.0002622948668751147,0.0004136553035790969,0.0011746643797838606,0.0002622948668751147,0,0,0
LTIMINDTREE LTD.,Technology,0.0013701023,0.0010997443684034837,0.0010997443684034837,0.0006039225711191355,0.0002767817769316059,0.00031417885668022706,0.001242108943399151,0.0002767817769316059,0,0,0
LARSEN & TOUBRO LTD.,Industrials,0.005613924,0.0022804234654448126,0.0022804234654448126,0.0008781836403030883,0.0003544140907653029,0.0004439039348106214,0.0016121279043515887,0.0003544140907653029,0,0,0
MAHINDRA & MAHINDRA LTD.,Consumer Cyclical,0.006701733,0.0034212068800615974,0.0034212068800615974,0.0010697649754668466,0.0005150825175076605,0.0004221527054914292,0.0023447911149179356,0.0005150825175076605,0,0,0
MARUTI SUZUKI INDIA LTD.,Consumer Cyclical,0.0017809633,0.0014972947648573558,0.0014972947648573558,0.0005921063768037467,0.00014569657260647705,0.00038407419006239137,0.0008933059607936409,0.00014569657260647705,0,0,0
NTPC LTD.,Utilities,0.93950784,0.9481415599753583,0.9481415599753583,0.5186262492329838,0.46132204488410056,0.00555681707831054,0.9815387586918246,0.46132204488410056,1,1,2
NESTLE INDIA LTD.,Consumer Defensive,0.0071367146,0.0022266324737357495,0.0022266324737357495,0.000786996718278384,0.0003172603250930914,0.0003667429116339968,0.0013793488247123618,0.0003172603250930914,0,0,0
OIL & NATURAL GAS CORPORATION LTD.,Energy,0.017081786,0.020118501144951874,0.020118501144951874,0.03859884179400728,0.08728749305473293,0.002007983346041934,0.27607639766355857,0.08728749305473293,0,0,1
POWER GRID CORPORATION OF INDIA LTD.,Utilities,0.0036926495,0.00945523007524244,0.00945523007524244,0.00333050082730089,0.0024311778798841144,0.000773432736952877,0.009155827557386536,0.0024311778798841144,0,0,0
RELIANCE INDUSTRIES LTD.,Energy,0.3036354,0.05388649628983826,0.05388649628983826,0.019877566180790132,0.020742801694470684,0.0014059729907856468,0.061618511861951546,0.020742801694470684,0,0,1
SBI LIFE INSURANCE COMPANY LTD.,Financial Services,0.002156484,0.002028762877031808,0.002028762877031808,0.0007629634830948826,0.00042553466216144637,0.0003897903651620063,0.001818938604501284,0.00042553466216144637,0,0,0
SHRIRAM FINANCE LTD.,Financial Services,0.0016620014,0.001486111642956405,0.001486111642956405,0.0005092103097627882,0.00015215612770613766,0.0002847195964262752,0.000863853898632169,0.00015215612770613766,0,0,0
STATE BANK OF INDIA,Financial Services,0.0056695556,0.001286861052483805,0.001286861052483805,0.0007570277819810286,0.00030732486158958146,0.00036626489966935257,0.0013320288483577773,0.00030732486158958146,0,0,0
SUN PHARMACEUTICAL INDUSTRIES LTD.,Healthcare,0.006446102,0.005079859214412286,0.005079859214412286,0.0019136839574064811,0.0009049008467664094,0.0008849699642510335,0.0036009311276915144,0.0009049008467664094,0,0,1
TATA CONSULTANCY SERVICES LTD.,Technology,0.00985468,0.009854836672225468,0.009854836672225468,0.003879361994903789,0.002371460430398233,0.0008741677909675714,0.008645238466147247,0.002371460430398233,0,0,1
TATA CONSUMER PRODUCTS LTD.,Consumer Defensive,0.005509465,0.00714052612815702,0.00714052612815702,0.0019066569305029742,0.0015894154760462686,0.0007058545379746882,0.005801942303328495,0.0015894154760462686,0,0,0
TATA MOTORS LTD.,Consumer Cyclical,0.005979267,0.001996031576236366,0.001996031576236366,0.0005842300710707244,0.0001791603976398353,0.00032338472974808164,0.0009663007243912132,0.0001791603976398353,0,0,0
TATA STEEL LTD.,Basic Materials,0.010534577,0.008076710271521532,0.008076710271521532,0.0022171775165007895,0.0010600348003578788,0.0008109406117864906,0.004145172426317826,0.0010600348003578788,0,0,1
TECH MAHINDRA LTD.,Technology,0.008123287,0.009323068542273634,0.009323068542273634,0.003858050400507829,0.0027021034583279246,0.0009910352312747833,0.010209510218359495,0.0027021034583279246,0,0,1
TITAN COMPANY LTD.,Consumer Cyclical,0.7656132,0.4859257382019591,0.4859257382019591,0.5620610646092901,0.30669633770121774,0.056205691965058605,0.9648696069759592,0.30669633770121774,0,0,1
ULTRATECH CEMENT LTD.,Basic Materials,0.006745913,0.003522834223787366,0.003522834223787366,0.0010935983070036028,0.00043340525443813326,0.0005615850149549352,0.0019315501566932835,0.00043340525443813326,0,0,0
WIPRO LTD.,Technology,0.99727815,0.9971747893963956,0.9971747893963956,0.9972607817541108,0.0013497143620849732,0.994140040768352,0.9985655497198541,0.0013497143620849732,1,1,2
